:	This is a shell archive.
:	Remove everything above this line and
:	run the following text with /bin/sh to create:
:	u.gbr.1
: This archive created: Thu Oct 24 06:47:54 1991
echo shar: extracting u.gbr.1
cat << 'SHAR_EOF' > u.gbr.1
# Copyright 1991 by UKnet. All rights reserved.
# Permission to redistribute and use for routing 
# purposes granted.
#
# u.gbr.1 ( 2 of 9 ) section [a-b]
# UUCP map for the United Kingdom
# Changes to postmaster@uknet.ac.uk
# This map should not be used internally in the UK
# - use instead uk.gbr.1
# Built: Tue Oct 22 21:09:54 BST 1991

#N	abccam
#O	Active Book Company Ltd
#C	Brian Knight
#E	brian@active-book-co.co.uk
#T	+44 223 843131
#P	Abberley House, Granhams Rd, Great Shelford, Cambridge, CB2 5LQ
#L	00 06 00 E / 52 10 00 N
#
# UK domain name
abccam	.active-book-co.co.uk
abccam = active-book-co.co.uk

#N	abdn-cs
#O	Department of Computing Science, University of Aberdeen
#C	Andrew Mellanby, Nick Murray
#E	uucp@csd.abdn.ac.uk
#T	+44 224 272307, 272303
#P	Kings College, Old Aberdeen, AB9 2UB
#L	02 06 03 W / 57 10 00 N
#
# UK domain name
abdn-cs	.csd.abdn.ac.uk
abdn-cs = csd.abdn.ac.uk

#N	abdn-erg
#O	Electronics Research Group, University of Aberdeen
#C	Godred Fairhurst
#E	gorry@erg.abdn.ac.uk
#T	+44 224 273352
#P	Edward Wright Building, Dunbar Street, Aberdeen, AB9 2TY
#L	02 05 00 W / 57 10 00 N
#
# UK domain name
abdn-erg	.erg.abdn.ac.uk
abdn-erg = erg.abdn.ac.uk

#N	abekrd
#O	R&D Dept, Abekas Video Systems Ltd (Reading)
#C	Gary Bartlett, Dave Bryant
#E	garyb@abekrd.co.uk, dave@abekrd.co.uk
#T	+44 734 585421
#P	Portman House, 12 Portman Road, Reading Berkshire, RG3 1EA
#L	01 00 00 W / 51 27 00 N
#
# UK domain name
abekrd	.abekrd.co.uk
abekrd = abekrd.co.uk

#N	aber
#O	Computer Unit, UCW Aberystwyth
#C	Robert Ash (networking), Angela Wall (systems)
#E	netman@aber.ac.uk
#T	+44 970 622473
#P	Llandinam Building, Penglais Campus, Aberystwyth, Dyfed SY23 3DB
#L	04 05 00 W / 52 50 00 N
#
# UK domain name
aber	.aber.ac.uk
aber = aber.ac.uk

#N	aber-cs
#O	Computer Science Dept., University College of Wales
#C	Dave Price, Tim Cairnes, Gavin Harrold
#E	dap@cs.aber.ac.uk
#T	+44 970 623111 x3164
#P	Penglais Campus, Aberystwyth, Dyfed, SY23 3BZ
#L	04 00 00 W / 52 26 00 N
#
# UK domain name
aber-cs	.cs.aber.ac.uk
aber-cs = cs.aber.ac.uk

#N	aberdeen
#O	Computing Centre, University of Aberdeen
#C	Dr John Linn
#E	j.linn@aberdeen.ac.uk
#T	+44 224 273352
#P	Edward Wright Building, Dunbar Street, Aberdeen, AB9 2TY
#L	02 05 00 W / 57 10 00 N
#
# UK domain name
aberdeen	.aberdeen.ac.uk
aberdeen = aberdeen.ac.uk

#N	abigale
#O	Syscom
#C	Joel Rosi-Schwartz
#E	joel@abigale.uucp
#T	+44 734 730260
#P	Hildorien House, 12 Waverley Way, Finchampstead, Wokingham, RG11 4YD
#L	00 51 00 W / 51 23 00
#

#N	acaduk
#O	Technical Dept, Autodesk Ltd
#C	Steve Devo, David Thompson
#E	steve@acaduk.uucp
#T	+44 71 928 7868
#P	90 London Rd, London, SE1 6LN
#L	00 06 00 W / 51 29 30 N
#

#N	acorn
#O	Acorn Computers Ltd
#C	Andy Ingle
#E	aingle@acorn.co.uk
#T	+44 223 245200 x5254
#P	Fulbourn Road, Cherry Hinton, Cambridge, CB1 4JN
#L	00 10 00 E / 52 10 00 N
#
# UK domain name
acorn	.acorn.co.uk
acorn = acorn.co.uk

#N	advsys
#O	Advent Systems Ltd
#C	Graham Underwood
#E	graham@advsys.uucp
#T	+44 734 784211
#P	12 The Business Centre, Molly Millars Lane, Wokingham, Berks, RG11 2QZ
#L	00 51 40 W / 51 24 00 N
#

#N	afeltd
#O	AFE (Displays) Ltd
#C	Richard Urwin
#E	postmaster@afe.co.uk
#T	+44 21 355 0077
#P	AFE House, 62 Anchorage Rd, Sutton Coldfield, West Midlands, B74 2PG
#L	01 49 21 W / 52 34 00 N
#
# UK domain name
afeltd	.afe.co.uk
afeltd = afe.co.uk

#N	afeltd1
#O	AFE (Displays) Ltd
#C	Richard Urwin
#E	postmaster@afe.co.uk
#T	+44 21 355 0077
#P	AFE House, 62 Anchorage Road, Sutton Coldfield, West Midlands, B74 2PG
#L	01 49 21 W / 52 34 00 N
#
# UK domain name
afeltd1	.displays.afe.co.uk
afeltd1 = displays.afe.co.uk

#N	ahl
#O	Abstract Hardware Ltd
#C	Bob Harris
#E	postmaster@ahl.co.uk
#T	+44 895 58501
#P	Howell Building, Brunel University, Uxbridge, UB8 3PH
#L	00 28 00 W / 51 32 02 N
#
# UK domain name
ahl	.ahl.co.uk
ahl = ahl.co.uk

#N	aiai
#O	Artificial Intelligence Applications Institute, Edinburgh University
#C	Gail Anderson
#E	ga@aiai.ed.ac.uk
#T	+44 31 225 4464
#P	80 South Bridge, Edinburgh.
#L	03 10 W / 55 55 N city
#
# UK domain name
aiai	.aiai.ed.ac.uk
aiai = aiai.ed.ac.uk

#N	aifh
#O	Dept of AI, Edinburgh University
#C	Ken Dawson
#E	usenet@aifh.ed.ac.uk
#T	+44 31 650 3092
#P	Forrest Hill, Edinburgh
#L	03 10 W / 55 55 N city
#
# UK domain name
aifh	.aifh.ed.ac.uk
aifh = aifh.ed.ac.uk

#N	aiil
#O	Artificial Intelligence International Ltd
#C	Michael Vines, James Little
#E	mvines@aiil.co.uk, jlittle@aiil.co.uk
#T	+44 923 247707
#P	6th floor, Gresham House, 53 Clarendon Road, Watford WD1 1LA
#L	00 30 00 W / 51 40 00 N
#
aiil = ail
# UK domain name
aiil	.aiil.co.uk
aiil = aiil.co.uk

#N	aipna
#O	Dept of AI, Edinburgh Univ
#C	Ken Dawson
#E	usenet@edai.ed.ac.uk
#T	+44 31 667 1011 x2554
#P	Forrest Hill, Edinburgh
#L	03 10 W / 55 55 N city
#
# UK domain name
aipna	.aipna.ed.ac.uk
aipna = aipna.ed.ac.uk

#N	aisnet
#O	Associated Information Services Ltd
#C	Clive Chinery
#E	clive@aisnet.uucp
#T	+44 71 379 4812
#P	Tower House, Southampton St, London WC2E 7HN
#L	00 00 07 W / 51 30 30 N
#

#N	aiva
#O	Dept. of A.I. Alvey Project, Edinburgh Uni.
#C	Ken Dawson
#E	usenet@edai.ed.ac.uk
#T	+44 31 667 1011 x2380
#P	Forrest Hill, Edinburgh
#L	03 10 W / 55 55 N city
#
# UK domain name
aiva	.aiva.ed.ac.uk
aiva = aiva.ed.ac.uk

#N	aivru
#O	A I Vision Research Unit, University of Sheffield
#C	Chris Brown, Derek Jones
#E	chris@aivru.sheffield.ac.uk
#T	+44 742 768555 x 6551
#P	Dept of Psychology, Sheffield University, Sheffield, S10 2TN
#L	01 29 00 W / 53 22 30 N
#
# UK domain name
aivru	.aivru.sheffield.ac.uk
aivru = aivru.sheffield.ac.uk

#N	algor
#O	Algorithmics Ltd
#C	Chris Dearman, Nigel Stephens
#E	chris@algor.uucp, nigel@algor.uucp
#T	+44 71 700 3301
#P	3 Drayton Park, London, N5 1NU
#L	00 06 30 W / 51 33 30 N
#
algor = wcwvax

#N	alper
#O	Alper Systems Ltd
#C	Mick Taylor
#E	mick@alper.uucp
#T	+44 223 420378
#P	Cambridge Science Park, Milton Rd, Cambs, CB4 4FQ.
#L	00 09 00 E / 52 14 00 N
#

#N	alsys
#O	Alsys Ltd
#C	Ian Caldwell
#E	uknet@alsys.uucp
#T	+44 491 579090
#P	Partridge House, Newtown Rd, Henley-on-Thames, Oxfordshire, RG9 1EN
#L	00 53 37 W  /  51 31 35 N
#

#N	amthq
#O	Active Memory Technology Ltd.
#C	Richard Hellier
#E	root@amthq.uucp
#T	+44 734 661111
#P	65 Suttons Park Avenue, Reading, RG6 1AZ
#L	00 47 00 W / 51 25 00 N
#

#N	ansa
#O	Architecture Projects Management Ltd (Cambridge)
#C	Andrew Watson
#E	ajw@ansa.co.uk
#T	+44 223 323010
#P	Poseiden House, Castle Park, Cambridge, CB3 0RD
#L	00 08 00 E / 52 12 00 N
#
# UK domain name
ansa	.ansa.co.uk
ansa = ansa.co.uk

#N	aom
#O	British Telecom
#C	Steve Fosdick
#E	postmaster@aom.bt.co.uk
#T	+44 473 642987
#P	BT Labs, Martlesham Heath, Ipswich, Suffolk, IP5 7RE
#L	01 17 09 E / 52 03 36 N
#
# UK domain name
aom	.aom.bt.co.uk
aom = aom.bt.co.uk

#N	apricot
#O	UNIX Support Group, Apricot Computers Limited (Birmingham)
#C	Richard Jones, Peter White
#E	usenet@apricot.co.uk
#T	+44 21 717 7171
#P	3500 Parkside, Birmingham Business Park, Birmingham, B37 7YS
#L	01 43 00 W / 52 28 00 N
#
# UK domain name
apricot	.apricot.co.uk
apricot = apricot.co.uk

#N	armltd
#O	Advanced RISC Machines Ltd
#C	Lee Smith
#E	postmaster@armltd.co.uk
#T	+44 223 813000
#P	Park End, Swaffham Bulbeck, Cambridge, CB5 0NA
#L	00 16 56 E / 52 13 34 N
#
# UK domain name
armltd	.armltd.co.uk
armltd = armltd.co.uk

#N	arrc
#O	National Advanced Robotics Research Centre
#C	David Wheable
#E	postmaster@arrc.salf.ac.uk
#T	+44 61 745 7384
#P	University Road, Salford, M5 4PP
#L	02 16 21 W / 53 29 15 N
#
# UK domain name
arrc	.arrc.salf.ac.uk
arrc = arrc.salf.ac.uk

#N	ase
#O	Applied Systems Engineering UK Ltd (Swindon)
#C	Robin Niblock
#E	postmaster@ase.uucp
#T	+44 253 794 840
#P	Delta 500, Great Western Way, Swindon, Wiltshire, SN5 7XE
#L	01 49 00 W / 51 34 00 N
#

#N	asl
#O	Anvil Software Ltd
#C	Michael Kelly
#E	wot@anvil.co.uk
#T	+44 71 729 8036
#P	51-53 Rivington Street, London, EC2A 3QQ
#L	00 04 20 W / 51 31 30 N
#
# UK domain name
asl	.anvil.co.uk
asl = anvil.co.uk

#N	asmec
#O	Andrew Sykes Microelectronic Consultants Ltd
#C	Andy Sykes
#E	andy@asmec.uucp
#T	+44 480 69771
#P	21 Willow Green, Needingworth, Cambridgeshire, PE17 3SW
#L	00 03 00 W / 51 19 48 N
#

#N	aston
#O	Computing Service, Aston University
#C	Peter Abbott, Phil Findon
#E	abbottp@aston.ac.uk, findonpj@aston.ac.uk
#T	+44 21 359 3611 x4245
#P	Aston Triangle, Birmingham, B4 7ET
#L	01 53 00 W / 52 29 00 N
#
# UK domain name
aston	.aston.ac.uk
aston = aston.ac.uk

#N	astona
#O	Computing Service, Aston University
#C	Peter Abbott, Phil Findon
#E	abbottp@aston.ac.uk
#T	+44 21 359 3611 x4245
#P	Aston Triangle, Birmingham, B4 7ET
#L	01 53 00 W / 52 29 00 N
#
# UK domain name
astona	.vaxa.aston.ac.uk
astona = vaxa.aston.ac.uk

#N	astonb
#O	Computing Service, Aston University
#C	Peter Abbott, Phil Findon
#E	abbottp@aston.ac.uk
#T	+44 21 359 3611 x4245
#P	Aston Triangle, Birmingham, B4 7ET
#L	01 53 00 W / 52 29 00 N
#
# UK domain name
astonb	.vaxb.aston.ac.uk
astonb = vaxb.aston.ac.uk

#N	astonc
#O	Computing Service, Aston University
#C	Peter Abbott, Phil Findon
#E	abbottp@aston.ac.uk
#T	+44 21 359 3611 x4245
#P	Aston Triangle, Birmingham, B4 7ET
#L	01 53 00 W / 52 29 00 N
#
# UK domain name
astonc	.clust.aston.ac.uk
astonc = clust.aston.ac.uk

#N	astonk
#O	Computing Service, Aston University
#C	Peter Abbott, Phil Findon
#E	abbottp@aston.ac.uk
#T	+44 21 359 3611 x4245
#P	Aston Triangle, Birmingham, B4 7ET
#L	01 53 00 W / 52 29 00 N
#
# UK domain name
astonk	.kirk.aston.ac.uk
astonk = kirk.aston.ac.uk

#N	astonm
#O	Computing Service, Aston University
#C	Peter Abbott, Phil Findon
#E	abbottp@aston.ac.uk
#T	+44 21 359 3611 x4245
#P	Aston Triangle, Birmingham, B4 7ET
#L	01 53 00 W / 52 29 00 N
#
# UK domain name
astonm	.mail.aston.ac.uk
astonm = mail.aston.ac.uk

#N	astons
#O	Computing Service, Aston University
#C	Peter Abbott, Phil Findon
#E	abbottp@aston.ac.uk
#T	+44 21 359 3611 x4245
#P	Aston Triangle, Birmingham, B4 7ET
#L	01 53 00 W / 52 29 00 N
#
# UK domain name
astons	.spock.aston.ac.uk
astons = spock.aston.ac.uk

#N	astonu
#O	Computing Service, Aston University
#C	Peter Abbott, Phil Findon
#E	abbottp@aston.ac.uk
#T	+44 21 359 3611 x4245
#P	Aston Triangle, Birmingham, B4 7ET
#L	01 53 00 W / 52 29 00 N
#
# UK domain name
astonu	.uhura.aston.ac.uk
astonu = uhura.aston.ac.uk

#N	axion
#O	BT RT31
#C	Nigel Titley
#E	NTitley@axion.bt.co.uk
#T	+44 473 646092
#P	BT Research Labs, Martlesham Heath, Ipswich, Suffolk, IP5 7RE
#L	01 17 09 E / 52 03 36 N
#
# UK domain name
axion	.axion.bt.co.uk
axion = axion.bt.co.uk

#N	azit
#O	British Telecom
#C	Roger Wilkins
#E	roger@azit.bt.co.uk
#T	+ 44 394 693365
#P	Anzani House, Trinity Avenue, Felixstowe, Suffolk IP11 8XB
#L	01 20 25 E / 51 57 30 N
#
# UK domain name
azit	.azit.bt.co.uk
azit = azit.bt.co.uk

#N	bae-st
#O	British Aerospace (Dynamics) Ltd
#C	Mr M J Heley
#E	postmaster@ste.dyn.bae.co.uk
#T	+44 438 752432
#P	FPC 450, PO Box 5, Filton, Bristol, BF12 7QW
#L	00 12 00 W  / 51 53 00 N
#
# UK domain name
bae-st	.ste.dyn.bae.co.uk
bae-st = ste.dyn.bae.co.uk

#N	bae-wa
#O	Networks Dept, British Aerospace (Military Aircraft) Ltd
#C	Derek Kerwin, Jon Hanks, John Rowlands
#E	postmaster@bae-wa.uucp
#T	+44 772 633333 x52337 x52400 x54630
#P	Warton Aerodrome, Warton, Preston, Lancs, PR4 1AX
#L	02 53 00 W / 53 45 00 N
#
# UK domain name
bae-wa	.wa.mal.bae.co.uk
bae-wa = wa.mal.bae.co.uk

#N	baesrc
#O	Sowerby Research Centre, British Aerospace PLC (Bristol)
#C	Chris Hopkins
#E	postmaster@src.bae.co.uk
#T	+44 272 363533
#P	FPC 267, PO Box 5, Filton, Bristol BS12 7QW
#L	02 35 00 W / 51 30 30 N
#
# UK domain name
baesrc	.src.bae.co.uk
baesrc = src.bae.co.uk

#N	bain
#O	Systems Department, Bain Clarkson
#C	Paul Donnelly, Mike Bonaventura
#E	uknetadm@bain.uucp
#T	+44 444 414141 x3419 
#P	Bain Clarkson House, Harlands Road, Haywards Heath, West Sussex RH16 1GA
#L	00 06 00 W / 51 00 00 N
#

#N	ban-va
#O	Computing Laboratory, University College of North Wales
#C	Eric Wyn Jones
#E	CLS005@bangor.ac.uk
#T	+44 248 351151 ext 2407
#P	Sackville Rd, Bangor, Gwynedd, LL57 1LD
#L	04 08 00 W / 53 14 00 N
#
# UK domain name
ban-va	.vaxa.bangor.ac.uk
ban-va = vaxa.bangor.ac.uk

#N	ban-vb
#O	Computing Laboratory, University College of North Wales
#C	Eric Wyn Jones
#E	CLS005@bangor.ac.uk
#T	+44 248 351151 ext 2407
#P	Sackville Rd, Bangor, Gwynedd, LL57 1LD
#L	04 08 00 W/ 53 14 00 N
#
# UK domain name
ban-vb	.vaxb.bangor.ac.uk
ban-vb = vaxb.bangor.ac.uk

#N	ban-vc
#O	Computing Laboratory, University College of North Wales
#C	Eric Wyn Jones
#E	CLS005@bangor.ac.uk
#T	+44 248 351151 ext 2407
#P	Sackville Rd, Bangor, Gwynedd, LL57 1LD
#L	04 08 00 W/ 53 14 00 N
#
# UK domain name
ban-vc	.vaxc.bangor.ac.uk
ban-vc = vaxc.bangor.ac.uk

#N	bat-ma
#O	School of Mathematics, University of Bath
#C	Professor James Davenport
#E	jhd@maths.bath.ac.uk, jpff@maths.bath.ac.uk
#T	+44 225 826181
#P	Claverton Down, Bath, Avon, BA2 7AY
#L	02 19 25 W / 51 22 45 N
#
bat-ma = watt, xenakis, bond, chroma, m42, telford
# UK domain name
bat-ma	.maths.bath.ac.uk
bat-ma = maths.bath.ac.uk

#N	bbc
#O	Design and Equipment Department, British Broadcasting Corporation
#C	Brandon Butterworth, David Carter
#E	brandon@bbc.uucp
#T	+44 81 747 4334 x 374(Brandon), x 211(David)
#P	Avenue House, Power Road, Chiswick, London W4 5PG
#L	00 16 39 W / 51 29 31 N
#

#N	bbkcs
#O	Department of Computer Science, Birkbeck College
#C	Richard Murphy
#E	postmaster@cs.bbk.ac.uk
#T	+44 71 631 6544
#P	Malet Street, London, WC1E 7HX
#L	00 08 00 W / 51 31 00 N
#
bbkcs = bbk-cs
# UK domain name
bbkcs	.cs.bbk.ac.uk
bbkcs = cs.bbk.ac.uk

#N	bbkcu
#O	Central Computing Services, Birkbeck College
#C	Kevin Brunt
#E	KEVIN@cu.bbk.ac.uk
#T	+44 71 631 6221 or +44 71 631 6381
#P	Malet Street, London, WC1E 7HX
#L	00 08 00 W / 51 31 00 N
#
# UK domain name
bbkcu	.cu.bbk.ac.uk
bbkcu = cu.bbk.ac.uk

#N	bccuk
#O	Bloomsbury Computing Consortium
#C	David Knight
#E	D.Knight@bmads.ucl.ac.uk
#T	+44 71 387 7050
#P	Central Computing Service, UCL, Gower Street, London, WC1E 6BT
#L	00 08 00 W / 51 31 00 N
#

#N	bgers
#O	British Gas Engineering Research Station
#C	Paul Ryder
#E	postmaster@bgers.co.uk
#T	+44 91 216 0202
#P	Killingworth, Newcastle Upon Tyne, NE99 lLH
#L	01 34 50 W / 55 02 10 N
#
# UK domain name
bgers	.bgers.co.uk
bgers = bgers.co.uk

#N	bham
#O	Computer Centre, University of Birmingham
#C	Chris Bayliss
#E	C.B.Bayliss@bham.ac.uk
#T	+44 21 414 3991
#P	P.O. Box 363, Elms Road, North Campus, Birmingham B15 2TT
#L	01 55 35 W / 52 27 13 N
#
# UK domain name
bham	.birmingham.ac.uk
bham = birmingham.ac.uk

#N	bhamcs
#O	Dept. of Computer Science, University of Birmingham
#C	Bob Hendley
#E	Postmaster@cs.bham.ac.uk
#T	+44 21 414 4761
#P	PO Box 363, Birmingham, B15 2TT
#L	01 55 40 W / 52 26 53 N
#
bhamcs = bhamcr
# UK domain name
bhamcs	.cs.bham.ac.uk
bhamcs = cs.bham.ac.uk

#N	bhamib
#O	Computer Centre, University of Birmingham
#C	Chris Bayliss
#E	C.B.Bayliss@bham.ac.uk
#T	+44 21 414 3991
#P	P.O. Box 363, Elms Road, North Campus, Birmingham B15 2TT
#L	01 55 35 W / 52 27 13 N
#
# UK domain name
bhamib	.ibm3090.computer-centre.birmingham.ac.uk
bhamib = ibm3090.computer-centre.birmingham.ac.uk

#N	bhamvx
#O	Computer Centre, University of Birmingham
#C	Chris Bayliss
#E	C.B.Bayliss@bham.ac.uk
#T	+44 21 414 3991
#P	P.O. Box 363, Elms Road, North Campus, Birmingham B15 2TT
#L	01 55 35 W / 52 27 13 N
#
# UK domain name
bhamvx	.vax1.computer-centre.birmingham.ac.uk
bhamvx = vax1.computer-centre.birmingham.ac.uk

#N	bilpin
#O	SRL Data (Steam Radio Limited)
#C	Ian Jones, Chris Bowley, Gary Pearce
#E	postmaster@bilpin.co.uk
#T	+44 71 267 2561
#P	1 Perren Street, London, NW5 3ED
#L	00 06 17 W / 51 32 38 N 
#
# UK domain name
bilpin	.bilpin.co.uk
bilpin = bilpin.co.uk

#N	birmpsa
#O	Birmingham Polytechnic
#C	William Campbell
#E	postmaster@sa.birmp.ac.uk
#T	+44 21 331 5612
#P	Perry Barr, Birmingham, B42 2SU
#L	01 54 00 W / 52 31 00 N
#
# UK domain name
birmpsa	.sa.birmp.ac.uk
birmpsa = sa.birmp.ac.uk

#N	bjcong
#O	Boldon James Ltd
#C	Roger James
#E	roger@bjcong.uucp
#T	+44 260 280465
#P	Berisford House, Foundry Bank, Congleton, Cheshire, CW12 1EF
#L	02 10 00 W / 53 10 00 N
#
# UK domain name
bjcong	.boldon-james-limited.co.uk
bjcong = boldon-james-limited.co.uk

#N	bmads
#O	Computer Centre, University College London
#C	David Knight
#E	D.Knight@bmads.ucl.ac.uk
#T	+44 71 387 7050
#P	Gower Street, London, WC1E 6BT
#L	00 08 00 W / 51 31 00 N
#
# UK domain name
bmads	.bmads.ucl.ac.uk
bmads = bmads.ucl.ac.uk

#N	bmtech
#O	British Maritime Technology Ltd (London)
#C	Steve Beard, Dr Michael Lahoud
#E	jess@bmtech.uucp
#T	+44 81 943 5544
#P	Orlando House, 1 Waldegrave Rd, Teddington, Middlesex, TW11 8LZ
#L	00 20 12 W / 51 25 25 N
#

#N	bmthpoly
#O	Bournemouth Polytechnic
#C	Paul Tinney
#E	postmaster@bournemouth.ac.uk
#T	+44 202 524111
#P	Talbot Campus, Fern Barrow, Dorset, BH12 5BB
#L	01 53 36 W / 50 44 30 N
#
# UK domain name
bmthpoly	.bournemouth.ac.uk
bmthpoly = bournemouth.ac.uk

#N	bnruk
#O	STC Technology Ltd
#C	Computer Centre Hotline, Andrew Macpherson (in that order please)
#E	uucp-adm@bnr.co.uk, postmaster@bnr.co.uk
#T	+44 279 429531 x3334, x2423
#P	London Road, Harlow, Essex CM17 9NA
#L	00 07 30 E / 51 46 00 N
#
# UK domain name
bnruk	.stl.stc.co.uk
bnruk = stl.stc.co.uk

#N	bpoly1
#O	Computer Centre, Brighton Polytechnic
#C	Dave Lewney
#E	dml@unix.bton.ac.uk
#T	+44 273 693655 x2165
#P	Watts Bldg, Brighton, East Sussex, BN2 4GT 
#L	00 08 00 W / 50 51  00 N
#
# UK domain name
bpoly1	.unix.bton.ac.uk
bpoly1 = unix.bton.ac.uk

#N	bpoly2
#O	Computer Centre, Brighton Polytechnic
#C	Norman Sansom
#E	jns@vms.bton.ac.uk
#T	+44 273 600900 x2159
#P	Watts Bldg, Brighton, East Sussex, BN2 4GT 
#L	00 08 00 W / 50 51  00 N
#
# UK domain name
bpoly2	.vms.bton.ac.uk
bpoly2 = vms.bton.ac.uk

#N	bprcsitu
#O	BP Research Centre
#C	Lesley Hinds, Steve Adams
#E	lesley@bprcsitu.uucp
#T	+44 932 781234
#P	Chertsey Road, Sunbury, Middlesex, TW16 7LN
#L	00 26 00 W / 51 27 00 N
#

#N	bra0108
#O	ICL
#C	I.J.Stacey
#E	I.J.Stacey@rea0805.wins.icl.co.uk
#T	+44 734 586211 x2143
#P	ICL, Kings House, 33 Kings Rd, Reading,Berks, RG1 3PX
#L	
#

#N	bra0112
#O	ICL CIS Global Services
#C	I.J.Stacey
#E	I.J.Stacey@rea0805.wins.icl.co.uk
#T	+44 81 890 1414 x2523
#P	ICL (UK) Ltd, ICL Waterside Park, Cain Road, Bracknell RG12 1FA
#L	
#

#N	bra0114
#O	ICL CIS Global Services
#C	I.J.Stacey
#E	I.J.Stacey@rea0805.wins.icl.co.uk
#T	+44 81 890 1414 x2523
#P	ICL (UK) Ltd, ICL Waterside Park, Cain Road, Bracknell RG12 1FA
#L	
#

#N	bra0116
#O	ICL CIS Global Services
#C	I.J.Stacey
#E	I.J.Stacey@rea0805.wins.icl.co.uk
#T	+44 81 890 1414 x2523
#P	ICL (UK) Ltd, ICL Waterside Park, Cain Road, Bracknell RG12 1FA
#L	
#

#N	bra0118
#O	ICL CIS Global Services
#C	I.J.Stacey
#E	I.J.Stacey@rea0805.wins.icl.co.uk
#T	+44 81 890 1414 x2523
#P	ICL (UK) Ltd, ICL Waterside Park, Cain Road, Bracknell RG12 1FA
#L	
#

#N	bra0501
#O	ICL CIS Global Services
#C	Martin Hulse
#E	postmaster@bra0501.wins.icl.co.uk
#T	+44 81 890 1414 x2523
#P	ICL (UK) Ltd, ICL Waterside Park, Cain Road, Bracknell RG12 1FA
#L	
#

#N	bradcc
#O	Computer Services, University of Bradford
#C	Ms Sue Gregson
#E	SUE@bradford.ac.uk
#T	+44 274 733466
#P	Richmond Road, Bradford, West Yorkshire, BD7 1DP
#L	01 46 00 W / 53 47 30 N
#
# UK domain name
bradcc	.bradford.ac.uk
bradcc = bradford.ac.uk

#N	brispoly
#O	Bristol Polytechnic Computer Centre
#C	Tom Johnson
#E	postmaster@csd.brispoly.ac.uk
#T	+44 272 656261 x3174
#P	Bristol Polytechnic, Coldharbour Lane, Frenchay, Bristol, BS16 1QY
#L	
#
# UK domain name
brispoly	.csd.brispoly.ac.uk
brispoly = csd.brispoly.ac.uk

#N	brno
#O	Bull HN Information Systems Ltd (Hemel Hempstead)
#C	Kim Lambert, Paul Moore, Malcolm Preen
#E	postmaster@brno.uucp
#T	+44 442 232222 x4592, +44 442 232222 x4749, +44 442 232222 x4367
#P	Three Cherry Trees Lane, Hemel Hempstead, Herts, HP2 7DZ
#L	00 26 00 W / 51 45 00 N
#
brno = bullhm

#N	bru-cc
#O	Computer Centre, Brunel University
#C	Linda Birmingham
#E	Linda.Birmingham@brunel.ac.uk
#T	+44 895 274000 x2561
#P	Uxbridge, Middx, UB8 3PH
#L	00 28 00 W / 51 32 03 N
#
# UK domain name
bru-cc	.cc.brunel.ac.uk
bru-cc = cc.brunel.ac.uk

#N	bru-me
#O	Manufacturing and Engineering Group, Brunel University
#C	Andrew Findlay
#E	Andrew.Findlay@brunel.ac.uk
#T	+44 895 274000 x2512
#P	Uxbridge, UB8 3PH
#L	00 28 01 W / 51 32 02 N
#
# UK domain name
bru-me	.me.brunel.ac.uk
bru-me = me.brunel.ac.uk

#N	bruccs
#O	Computer Centre, Brunel University
#C	Linda Birmingham
#E	Linda.Birmingham@brunel.ac.uk
#T	+44 895 274000 x2561
#P	Uxbridge, Middx, UB8 3PH
#L	00 28 00 W / 51 32 03 N
#
# UK domain name
bruccs	.ccs.brunel.ac.uk
bruccs = ccs.brunel.ac.uk

#N	brucct
#O	Computer Centre, Brunel University
#C	Mitchell, Linda Birmingham
#E	Linda.Birmingham@brunel.ac.uk
#T	+44 895 274000 x2561
#P	Uxbridge, Middx, UB8 3PH
#L	00 28 00 W / 51 32 03 N
#
# UK domain name
brucct	.cct.brunel.ac.uk
brucct = cct.brunel.ac.uk

#N	brucsv
#O	Department of Computer Science, Brunel University
#C	Mr A J Holmes
#E	postmaster@cs.brunel.ac.uk
#T	+44 895 274000 
#P	Uxbridge, UB8 3PH
#L	00 28 00 W / 51 32 00 N
#
# UK domain name
brucsv	.cs.brunel.ac.uk
brucsv = cs.brunel.ac.uk

#N	brueer
#O	Dept of Electrical Engineering & Electronics, Brunel University
#C	Jeremy Gann
#E	postmaster@brunel.ac.uk
#T	+44 895 274000 x2889
#P	Uxbridge, UB8 3PH
#L	00 28 00 W / 51 32 00 N
#
# UK domain name
brueer	.ee.brunel.ac.uk
brueer = ee.brunel.ac.uk

#N	brunel
#O	Brunel University
#C	Andrew Findlay, Linda Birmingham
#E	postmaster@brunel.ac.uk
#T	+44 895 274000 x2512/2561
#P	Uxbridge, Middx, UB8 3PH
#L	00 28 00 W / 51 32 03 N
#
# UK domain name
brunel	.brunel.ac.uk
brunel = brunel.ac.uk

#N	bsbsa
#O	Computing Service, University of Bristol
#C	Richard Hopkins
#E	Postmaster@bris.ac.uk
#T	+44 272 303030
#P	Computer Centre, Tyndall Avenue, Bristol, BS8 1UD
#L	02 34 12 W / 51 28 36 N
#
# UK domain name
bsbsa	.bsa.bris.ac.uk
bsbsa = bsa.bris.ac.uk

#N	bscdev
#O	Brazier Systems & Consultants Ltd
#C	John Brazier
#E	john@bscdev.uucp
#T	+44 489 573442
#P	8 Valley Rise, Sarisbury Green, Southampton, S03 6BN
#L	01 17 00 W / 50 52 00 N
#

#N	bscms
#O	Computing Service, University of Bristol
#C	Richard Hopkins
#E	Postmaster@bris.ac.uk
#T	+44 272 303030
#P	Computer Centre, Tyndall Avenue, Bristol, BS8 1UD
#L	02 34 12 W / 51 28 36 N
#
# UK domain name
bscms	.cms.bris.ac.uk
bscms = cms.bris.ac.uk

#N	bsgma
#O	Computing Service, University of Bristol
#C	Richard Hopkins
#E	Postmaster@bris.ac.uk
#T	+44 272 303030
#P	Computer Centre, Tyndall Avenue, Bristol, BS8 1UD
#L	02 34 12 W / 51 28 36 N
#
# UK domain name
bsgma	.gma.bris.ac.uk
bsgma = gma.bris.ac.uk

#N	bsiqa
#O	British Standards Institution
#C	Neil Martin, Matthew Horton
#E	neil@bsiqa.uucp
#T	+44 908 220908 x 2797
#P	PO Box 375, Milton Keynes, MK14 6LL
#L	00 16 48 W / 52 00 36 N
#

#N	bsmail
#O	Computing Service, University of Bristol
#C	Richard Hopkins
#E	Postmaster@bris.ac.uk
#T	+44 272 303030
#P	Computer Centre, Tyndall Avenue, Bristol, BS8 1UD
#L	02 34 12 W / 51 28 36 N
#
# UK domain name
bsmail	.bris.ac.uk
bsmail = bris.ac.uk

#N	bsnp1a
#O	Computing Service, University of Bristol
#C	Richard Hopkins
#E	Postmaster@bris.ac.uk
#T	+44 272 303030
#P	Computer Centre, Tyndall Avenue, Bristol, BS8 1UD
#L	02 34 12 W / 51 28 36 N
#
# UK domain name
bsnp1a	.np1a.bris.ac.uk
bsnp1a = np1a.bris.ac.uk

#N	bspva
#O	Computing Service, University of Bristol
#C	Richard Hopkins
#E	Postmaster@bris.ac.uk
#T	+44 272 303030
#P	Computer Centre, Tyndall Avenue, Bristol, BS8 1UD
#L	02 34 12 W / 51 28 36 N
#
# UK domain name
bspva	.siva.bris.ac.uk
bspva = siva.bris.ac.uk

#N	bsseqa
#O	Computing Service, University of Bristol
#C	Richard Hopkins
#E	Postmaster@bris.ac.uk
#T	+44 272 303030
#P	Computer Centre, Tyndall Avenue, Bristol, BS8 1UD
#L	02 34 12 W / 51 28 36 N
#
# UK domain name
bsseqa	.seqa.bris.ac.uk
bsseqa = seqa.bris.ac.uk

#N	bssl
#O	Berkeley Software Services Ltd
#C	Ian Ward
#E	postmaster@bssl.uucp
#T	+44 252 310933
#P	Headway House, Christy Estate, Ivy Road, Aldershot, Hants, GU12 4TX
#L	00 44 15 W / 51 14 55 N
#

#N	bt-web
#O	BT Research Labs office automation
#C	Tomasina Winch-Furness
#E	postmaster@bt-web.bt.co.uk
#T	+44 473 644764
#P	BT Research Labs, Martlesham Heath, Ipswich, Suffolk, IP5 7RE
#L	01 17 09 E / 52 03 36 N
#
# UK domain name
bt-web	.bt-web.bt.co.uk
bt-web = bt-web.bt.co.uk

#N	btcase
#O	British Telecom
#C	David James
#E	postmaster@btcase.bt.co.uk
#T	+44 1 728 4045
#P	3rd Floor, Lion House, 72-75 Red Lion St, London WC1R 4RT
#L	00 06 17 W / 51 31 05 N
#
# UK domain name
btcase	.btcase.bt.co.uk
btcase = btcase.bt.co.uk

#N	btrcosmos
#O	British Telecom
#C	W Ablard
#E	postmaster@btrcosmos.bt.co.uk
#T	+ 44 473 642597
#P	British Telecom Research Labs, Martlesham Heath, Ipswich
#L	01 17 09 E / 52 03 36 N
#
# UK domain name
btrcosmos	.btrcosmos.bt.co.uk
btrcosmos = btrcosmos.bt.co.uk

#N	btreeuk
#O	Brooktree Ltd
#C	Alan Gray
#E	postmaster@brooktree.co.uk
#T	+44 454 616169
#P	Stanway House, ABC 100, Almondsbury Business Centre,Almondsbury, Bristol BS12 4QH
#L	02 33 30 W / 51 32 50 N
#
# UK domain name
btreeuk	.brooktree.co.uk
btreeuk = brooktree.co.uk

#N	btrlc7
#O	British Telecom
#C	Kevin Smith
#E	root@btrlc7.bt.co.uk
#T	+ 44 473 232052 x412
#P	2nd Floor, 153, Princes St, Ipswich IP1 1QB
#L	01 17 08 E / 52 03 36 N
#
# UK domain name
btrlc7	.btrlc7.bt.co.uk
btrlc7 = btrlc7.bt.co.uk

#N	bttelex
#O	British Telecom
#C	Mike Clinch
#E	mike@bttelex.bt.co.uk
#T	+ 44 1 250 8225
#P	British Telecom, Tenter House, 45 Moorfields, London, EC2Y 9TH
#L	00 05 16 W / 51 31 05 N
#
# UK domain name
bttelex	.bttelex.bt.co.uk
bttelex = bttelex.bt.co.uk

#N	buck
#O	University of Buckingham
#C	John Pemberton
#E	postmaster@buck.ac.uk
#T	+44 280 814080
#P	Hunter Street, Buckingham, MK18 1EG
#L	00 58 47 W / 51 59 40 N
#
# UK domain name
buck	.buck.ac.uk
buck = buck.ac.uk

#N	buzzard
#O	British Telecom
#C	Irene Hassell
#E	irene@buzzard.bt.co.uk
#T	+ 44 71 250 6742
#P	PP8.6, 207 Old St, London, EC1V 9PS
#L	00 05 16 W / 51 31 05 N
#
# UK domain name
buzzard	.buzzard.bt.co.uk
buzzard = buzzard.bt.co.uk
SHAR_EOF
:	End of shell archive
exit 0

