
:	This is a shell archive.
:	Remove everything above this line and
:	run the following text with /bin/sh to create:
:	u.gbr.1
: This archive created: Tue Mar  8 01:59:19 1988
echo shar: extracting u.gbr.1
cat << 'SHAR_EOF' > u.gbr.1
# u.gbr.1: changes to uknet@ukc.ac.uk
# UUCP map for the United Kingdom - section [a-k]
# Do not use this map in the UK
# UK local information is stored on ~uucp/uumap/uk.gbr.1 on ukc
# Built: Thu Mar  3 07:11:41 GMT 1988

#N	abdn-cs
#O	Department of Computing Science, University of Aberdeen
#C	Colin Campbell, Chris Cotton
#E	uucp@csvax.abdn.ac.uk
#T	+44 224 480241 x5633
#P	Kings College, Old Aberdeen AB9 2UB
#
# UK domain name
abdn-cs = "csvax.abdn.ac.uk"

#N	aber-cs
#O	Computer Science Dept., University College of Wales
#C	Dave Price, George Squires
#E	dap@cs.aber.ac.uk
#T	+44 970 3111 x3373
#P	Penglais Campus, Aberystwyth, Dyfed, SY23 3BZ
#
# UK domain name
aber-cs = "cs.aber.ac.uk"

#N	aberdeen
#O	Computing Centre, University of Aberdeen
#C	Dr John Linn
#E	j.linn@aberdeen.ac.uk
#T	+44 224 480241 x5156
#P	150 Don Street, Aberdeen,  AB2 1XQ
#
# UK domain name
aberdeen = "aberdeen.ac.uk"

#N	acorn
#O	Acorn Computers Ltd.
#C	Jenny Martin
#E	jenny@acorn.uucp
#T	+44 223 245200 x378
#P	Fulbourn Road, Cherry Hinton, Cambridge, CB1 4JN
#

#N	aigr
#O	Dept. of A.I. Alvey Project, Edinburgh Uni.
#C	Ken Dawson
#E	usenet@edai.ed.ac.uk
#T	+44 31 667 1011 x2380
#P	Forrest Hill, Edinburgh, U.K.
#
# UK domain name
aigr = "aigr.ed.ac.uk"

#N	ail
#O	Artificial Intelligence Ltd
#C	James Little
#E	chris@ail.uucp
#T	+44 923 247707
#P	Greycaine Road Watford, Herts, WD24JP
#

#N	aiva
#O	Dept. of A.I. Alvey Project, Edinburgh Uni.
#C	Ken Dawson
#E	usenet@edai.ed.ac.uk
#T	+44 31 667 1011 x2380
#P	Forrest Hill, Edinburgh, U.K.
#
# UK domain name
aiva = "aiva.ed.ac.uk"

#N	aivru
#O	A I Vision Research Unit, University of Sheffield
#C	Chris Brown
#E	chris@aivru.uucp
#T	+44 742 768555 x 6551
#P	Dept. of Psychology, Sheffield University,Sheffield S10 2TN
#
# UK domain name
aivru = "aivru.sheffield.ac.uk"

#N	alsys
#O	Alsys Ltd
#C	Russell March
#E	drm@alsys.uucp
#T	+44 491 579090
#P	Partridge House, Newtown Rd, Henley-on-Thames, Oxon RG9 1EN
#

#N	alvey
#O	Alvey Directorate, Rutherford Appleton Laboratory
#C	Shirley Wood
#E	support@alvey.uk
#T	+44 235 44 6389
#P	Chilton, Didcot, Oxon, OX11 0QX
#
# UK domain name
alvey = "alvey.uk"

#N	anduk
#O	Unixsys (UK) ltd.
#C	Russell Quin
#E	russ@anduk.uucp
#T	+44 925 827834
#P	The Genesis Centre, Science Park South, Birchwood, Warrington, WA3 7BH
#

#N	aprl
#O	Applied Property Research Ltd.
#C	Bevis King
#E	bevis@aprl.uucp
#T	+44 1 251 5654 x15
#P	Albion Courtyard, Greenhill Rents, London, EC1M 6BN
#

#N	aston
#O	Computing Service, Aston University
#C	Peter Abbott, Phil Findon
#E	abbottp@aston.ac.uk, findonpj@aston.ac.uk
#T	+44 21 359 3611 x4245
#P	Aston Triangle, Birmingham, B4 7ET
#
# UK domain name
aston = "aston.ac.uk"

#N	astona
#O	Computing Service, Aston University
#C	Peter Abbott, Phil Findon
#E	abbottp@aston.ac.uk
#T	+44 21 359 3611 x4245
#P	Aston Triangle, Birmingham, B4 7ET
#
# UK domain name
astona = "vaxa.aston.ac.uk"

#N	astonb
#O	Computing Service, Aston University
#C	Peter Abbott, Phil Findon
#E	abbottp@aston.ac.uk
#T	+44 21 359 3611 x4245
#P	Aston Triangle, Birmingham, B4 7ET
#
# UK domain name
astonb = "vaxb.aston.ac.uk"

#N	astonc
#O	Computing Service, Aston University
#C	Peter Abbott, Phil Findon
#E	abbottp@aston.ac.uk
#T	+44 21 359 3611 x4245
#P	Aston Triangle, Birmingham, B4 7ET
#
# UK domain name
astonc = "clust.aston.ac.uk"

#N	astonk
#O	Computing Service, Aston University
#C	Peter Abbott, Phil Findon
#E	abbottp@aston.ac.uk
#T	+44 21 359 3611 x4245
#P	Aston Triangle, Birmingham, B4 7ET
#
# UK domain name
astonk = "kirk.aston.ac.uk"

#N	astonm
#O	Computing Service, Aston University
#C	Peter Abbott, Phil Findon
#E	abbottp@aston.ac.uk
#T	+44 21 359 3611 x4245
#P	Aston Triangle, Birmingham, B4 7ET
#
# UK domain name
astonm = "mail.aston.ac.uk"

#N	astons
#O	Computing Service, Aston University
#C	Peter Abbott, Phil Findon
#E	abbottp@aston.ac.uk
#T	+44 21 359 3611 x4245
#P	Aston Triangle, Birmingham, B4 7ET
#
# UK domain name
astons = "spock.aston.ac.uk"

#N	auslon
#O	Austec Limited
#C	Mr. Ajay Punatar
#E	support@auslon.uucp
#T	+44 1 799 2434
#P	2, Caxton Street, London SW1
#

#N	axion
#O	British Telecom RT31
#C	Nigel Titley
#E	NTitley@axion.bt.co.uk
#T	+44 473 646092
#P	British Telecom Research Labs, Martlesham Heath, Ipswich, Suffolk
#
# UK domain name
axion = "axion.bt.co.uk"

#N	azit
#O	British Telecom
#C	Roger Wilkins
#E	roger@azit.uucp
#T	+ 44 394 693365
#P	British Telecom, Anzani House, Trinity Avenue, Felixstowe, Suffolk IP11 8XB
#
# UK domain name
azit = "azit.bt.co.uk"

#N	bath63
#O	Computer Unit, University of Bath
#C	Bob Yardley
#E	cc_rny@ux63.bath.ac.uk
#T	+44 225 826826
#P	Claverton Down, Bath, Avon BA2 7AY
#
# UK domain name
bath63 = "ux63.bath.ac.uk"

#N	bbkcs
#O	Department of Computer Science, Birkbeck College
#C	Richard Murphy
#E	postmaster@cs.bbk.ac.uk
#T	+44 1 631 6544
#P	Malet Street, London WC1E 7HX
#
bbkcs = bbk-cs
# UK domain name
bbkcs = "cs.bbk.ac.uk"

#N	bham
#O	Computer Centre, University of Birmingham
#C	Chris Bayliss
#E	BaylissCB@bham.ac.uk
#T	+44 021 414 4731
#P	P.O. Box 363, Elms Road, North Campus, Birmingham, B15 2TT
#
# UK domain name
bham = "birmingham.ac.uk"

#N	bhamcr
#O	Dept. of Computer Science, University of Birmingham
#C	William H. Edmondson
#E	EDMONDSON@microvax-a-vms.computer-science.birmingham.ac.uk
#T	+44 21 414 4763
#P	PO Box 363, Birmingham, B15 2TT
#
# UK domain name
bhamcr = "comp-v1.bham.ac.uk"

#N	bhamcs
#O	Dept. of Computer Science, University of Birmingham
#C	Bob Hendley, Ian Batten
#E	Postmaster@cs.bham.ac.uk
#T	+44 21 414 4761
#P	PO Box 363, Birmingham, B15 2TT
#
# UK domain name
bhamcs = "cs.bham.ac.uk"

#N	bond
#O	School of Mathematics, University of Bath
#C	Professor John Fitch
#E	jpff@bond.uucp
#T	+44 225 826820
#P	Claverton Down, Bath, Avon BA2 7AY
#

#N	bpoly1
#O	Computer Centre, Brighton Polytechnic
#C	Sam Wright
#E	ssw@bpoly1.uucp
#T	+44 273 693655 x2165
#P	Watts Bldg, Brighton, East Sussex, BN2 4GT 
#

#N	bprcsitu
#O	BP Research Centre
#C	Lesley Hinds
#E	lesley@bprcsitu.uucp
#T	+44 932 762575
#P	Chertsey Road, Sunbury, Middlesex, TW16 7LN
#

#N	bru-cc
#O	Computer Centre, Brunel University
#C	Ralph Mitchell, Linda Birmingham
#E	ralph@cc.brunel.ac.uk, linda@cc.brunel.ac.uk
#T	+44 895 74000 x2561
#P	Uxbridge, Middx, UB8 3PH
#
# UK domain name
bru-cc = "cc.brunel.ac.uk"

#N	bru-me
#O	Manufacturing and Engineering Group,  Brunel University
#C	Andrew Findlay
#E	andrew@me.brunel.ac.uk
#T	+44 895 74000 x2512
#P	Uxbridge, UB8 3PH
#
# UK domain name
bru-me = "me.brunel.ac.uk"

#N	bruccs
#O	Computer Centre, Brunel University
#C	Ralph Mitchell, Linda Birmingham
#E	ralph@cc.brunel.ac.uk, linda@cc.brunel.ac.uk
#T	+44 895 74000 x2561
#P	Uxbridge, Middx, UB8 3PH
#
# UK domain name
bruccs = "ccs.brunel.ac.uk"

#N	brucct
#O	Computer Centre, Brunel University
#C	Ralph Mitchell, Linda Birmingham
#E	ralph@cc.brunel.ac.uk, linda@cc.brunel.ac.uk
#T	+44 895 74000 x2561
#P	Uxbridge, Middx, UB8 3PH
#
# UK domain name
brucct = "cct.brunel.ac.uk"

#N	brucsv
#O	Department of Computer Science, Brunel University
#C	Anne Shrimpton
#E	anne@cs.brunel.ac.uk
#T	+44 895 74000 
#P	Uxbridge, UB8 3PH
#
# UK domain name
brucsv = "cs.brunel.ac.uk"

#N	brueer
#O	Dept of Electrical Engineering & Electronics, Brunel University
#C	Tony Begg
#E	tony@ee.brunel.ac.uk
#T	+44 895 74000 x2850
#P	Uxbridge, UB8 3PH
#
# UK domain name
brueer = "ee.brunel.ac.uk"

#N	btrcosmos
#O	British Telecom
#C	Javed Mohammad
#E	javed@btrcosmos.uucp
#T	+ 44 473 646733
#P	British Telecom Research Labs, Martlesham Heath, Ipswich
#

#N	btrlc7
#O	British Telecom
#C	Paul Beaumont
#E	pkb@btrlc7.uucp
#T	+ 44 473 644074
#P	British Telecom Research Labs, Martlesham Heath, Ipswich
#
# UK domain name
btrlc7 = "btrlc7.bt.co.uk"

#N	btrtigger
#O	British Telecom
#C	Richard O'Brien
#E	rob@btrtigger.bt.co.uk
#T	+44 473 646755
#P	British Telecom Research Labs, Martlesham Heath, Ipswich
#
# UK domain name
btrtigger = "btrtigger.bt.co.uk"

#N	bttelex
#O	British Telecom
#C	Mike Clinch
#E	mike@bttelex.bt.co.uk
#T	+ 44 1 250 8225
#P	British Telecom, Telephone House, Temple Avenue, London, EC4Y 0HL
#
# UK domain name
bttelex = "bttelex.bt.co.uk"

#N	buck
#O	University of Buckingham
#C	Dr. John Galletly
#E	uknet@buck.uucp
#T	+44 280 814080
#P	Hunter Street, Buckingham, MK18 1EG
#

#N	calibre
#O	Calibre Computer Company Limited
#C	Alan Young
#E	awy@calibre.uucp
#T	+44 734 782040
#P	5 Blagrove Drive, WOKINGHAM, Berks. RG11 4BD
#

#N	cam-cl
#O	Computer Laboratory, University of Cambridge
#C	Piete Brooks
#E	pb@cl.cam.ac.uk
#T	+44 223 334659
#P	New Museum Site, Downing Street, Cambridge CB2 3QG
#
# UK domain name
cam-cl = "cl.cam.ac.uk"

#N	cam-orl
#O	Olivetti Research Limited
#C	Matt Lee
#E	mnal@cam-orl.uucp
#T	+44 223 323686
#P	24a Trumpington Street, Cambridge, CB2 1QA
#

#N	camcon
#O	Cambridge Consultants Ltd
#C	Mike Bell
#E	uknet@camcon.uucp,mb@camcon.uucp
#T	+44 223 358855
#P	Science Park, Milton Road, Cambridge CB4 4DW
#

#N	capiat
#O	CAP Industry Limited
#C	Graham Adams, Jonathan Green
#E	netadmin@capiat.uucp
#T	+44 1 831 6144
#P	143-149 Farringdon Road, London, EC1R 3AD
#

#N	cctal
#O	CCTA, HM Treasury. London
#C	Andrew Mewes
#E	am@cctal.uucp 
#T	+44 1 217 3033
#P	Riverwalk House, 157-161 Millbank, London, SW1P 4RT
#

#N	cf-cm
#O	Dept of Computing Maths, University College Cardiff
#C	Robert Evans
#E	robert@v1.cm.cf.ac.uk
#T	+44 222 874000 x 5518
#P	Maths Institute, Senghennydd Rd, Cardiff, CF2 4AG
#
# UK domain name
cf-cm = "vax1.computing-maths.cardiff.ac.uk"

#N	cf-cmg
#O	Dept of Computing Maths, University College Cardiff
#C	Robert Evans, Ralph Martin
#E	ralph@geom.cm.cf.ac.uk
#T	+44 222 874000 x 5518
#P	Maths Institute, Senghennydd Rd, Cardiff, CF2 4AG
#
# UK domain name
cf-cmg = "geometry.computing-maths.cardiff.ac.uk"

#N	chaser
#O	Chase Research Limited
#C	Robert J Dunlop
#E	rjd@chaser.uucp
#T	+44 1 876 9068
#P	St.Leonards House, St.Leonards Road, Mortlake, London SW14 7LY
#

#N	cheviot
#O	Computing Laboratory, University of Newcastle
#C	Lindsay F. Marshall
#E	lindsay@cheviot.ncl.ac.uk
#T	+44 91 2329233
#P	Newcastle upon Tyne, Tyne & Wear, NE1 7RU
#
# UK domain name
cheviot = "cheviot.ncl.ac.uk"

#N	chroma
#O	School of Mathematics,  University of Bath
#C	Phil Willis
#E	pjw@bond.uucp
#T	+44 225 826964 x5978
#P	Claverton Down, Bath, Avon BA2 7AY
#

#N	citycs
#O	Dept of Computer Science, City University
#C	Luke Whitaker
#E	l.whitaker@cs.city.ac.uk
#T	+44 1 253 4399 x3719
#P	Northampton Square, London, EC1 OHB
#
# UK domain name
citycs = "cs.city.ac.uk"

#N	cix
#O	Compulink User Group
#C	D.J.Walker-Morgan, Frank Thornley
#E	dj@cix.uucp
#T	+44 483 66991
#P	67 Woodbridge Road, Guildford, Surrey, GU1 4RD
#

#N	concurrent
#O	Concurrent Computer Corp.(ESDG),
#C	Alan Young
#E	postmaster@concurrent.co.uk
#T	+44 753 34511 x312
#P	CSDD, 227 Bath Road, Slough, Berkshire SL1 4AX
#
# UK domain name
concurrent = "concurrent.co.uk"

#N	cottage
#O	Warren Point International Limited
#C	Graham C. Evans
#E	graham@cottage.uucp, root@cottage.uucp, postmaster@cottage.uucp
#T	+44 22786 784
#P	Hawthorn Cottage, Maypole Rd, Hoath, Nr Canterbury, Kent CT3 4LW
#

#N	covpoly
#O	Computer Science Dept, Coventry (Lanchester) Polytechnic
#C	Alkis Stavrinides, Alan Chantler
#E	alkis@covpoly.uucp, alan@covpoly.uucp
#T	+44 203 24166 x2696
#P	Priory Street, Coventry CV1 5FB
#

#N	csbstan
#O	University of St.Andrews
#C	Peter J Bailey, Dave Munro
#E	sysman@csbstan.uucp
#T	+44 334 76161
#P	Computational Science Dept, North Haugh, St Andrews, Fife
#
# UK domain name
csbstan = "cs.st-and.ac.uk"

#N	csisles
#O	Department of Computer Science, University of Bristol
#C	Neil Davies, Rob Thomas
#E	Postmaster@compsci.bristol.ac.uk
#T	+44 272 303109
#P	Queens Building, University Walk, Bristol, BS8 1TR
#
# UK domain name
csisles = "compsci.bristol.ac.uk"

#N	csta
#O	Computer Science Group, MAPS, University of Sussex.
#C	Philip Taylor, Computer Manager
#E	philipt@csta.uucp
#T	+44 273 606755 x8089
#P	Falmer, Brighton, BN1 9QH.
#

#N	cstvax
#O	Dept. of Computer Science, Edinburgh Uni.
#C	Keith Farvis, Scott Larnach, Morna Findlay, George Cleland
#E	keith@itspna.ed.ac.uk, scott@itspna.ed.ac.uk, morna@lfcs.ed.ac.uk,glc@lfcs.ed.ac.uk
#T	+44 31 667 1081 x2661, +44 31 667 1081 x2629, +44 31 667 1011 x2807,+44 31 667 1081 x2987
#P	King's Buildings, Mayfield Road, Edinburgh, U.K.
#
# UK domain name
cstvax = "cstvax.ed.ac.uk"

#N	cushat
#O	Computing Laboratory, The University
#C	Jim Wight
#E	ann@cushat.ncl.ac.uk, jim@cushat.ncl.ac.uk
#T	+44 91 232 9233 x290, Ann(x288)
#P	Newcastle upon Tyne, NE1 7RU
#
# UK domain name
cushat = "cushat.ncl.ac.uk"

#N	cvaxa
#O	School of Cognitive Sciences, U of Sussex
#C	Roger Sinnhuber (rogers)
#E	postmaster@cvaxa.sussex.ac.uk
#T	+44 273 606755
#P	Falmer, Sussex, BN1 9QN
#
# UK domain name
cvaxa = "cvaxa.sussex.ac.uk"

#N	cybavax
#O	Dept. of Maths & Computer Science, University College of Swansea
#C	Paul Middlehurst
#E	paul@cybavax.uucp
#T	+44 792 295394, +44 792 205678 x5394
#P	Singleton Park, Swansea SA2 8PP
#
# UK domain name
cybavax = "cybavax.swan.ac.uk"

#N	daone
#O	British Telecom
#C	Steve Randall
#E	stever@daone.uucp
#T	+ 44 394 693765
#P	British Telecom, Anzani House, Trinity Avenue, Felixstowe, Suffolk IP11 8XB
#
# UK domain name
daone = "daone.bt.co.uk"

#N	datcon
#O	Data Connection Limited
#C	Kate Dalziel, John Burling
#E	usenet@datcon.uucp
#T	+44 1 366 1177
#P	Ross House, Shirley Road, Enfield, Middlesex, EN2 6SN
#

#N	datlog
#O	Data Logic Limited
#C	Gary Clark, Mark Smith
#E	uknet@datlog.co.uk
#T	+44 1 863 0383
#P	Queens House, Greenhill Way, Harrow, Middlesex HA1 1YR
#
# UK domain name
datlog = "datlog.co.uk"

#N	dcl-cs
#O	Department of Computing, University of Lancaster
#C	Peter Hurley, Kirti Walpole
#E	news@comp.lancs.ac.uk
#T	+44 524 65201 x4857, +44 524 65201 x4857
#P	Bailrigg, Lancaster LA1 4YR
#
# UK domain name
dcl-cs = "comp.lancs.ac.uk"

#N	dsbc
#O	ICL Departmental Systems Business Centre
#C	Matthew Allen
#E	postmaster@dsbc.icl.stc.co.uk, mja@dsbc.icl.stc.co.uk
#T	+44 344 481000
#P	Lovelace Road, Bracknell, Berkshire; RG12 4SN
#
# UK domain name
dsbc = "dsbc.icl.stc.co.uk"

#N	easby
#O	Dept. of Computer Science, University of Durham
#C	Ron Hartley-Davies
#E	ron@easby.durham.ac.uk
#T	+44 91 3742630
#P	Science Laboratories, South Road, Durham City
#
# UK domain name
easby = "easby.dur.ac.uk"

#N	ed
#O	Edinburgh University Computing Service
#C	Sandy Shaw, Graham Rule
#E	S.Shaw@ed.ac.uk, graham@ed.ac.uk
#T	+44 31 667 1081 x2642, +44 31 667 1081 x2802
#P	King's Buildings, Mayfield Road, Edinburgh, U.K.
#
# UK domain name
ed = "ed.ac.uk"

#N	edai
#O	Dept. of A.I., Edinburgh Uni.
#C	Ken Dawson
#E	usenet@edai.ed.ac.uk
#T	+44 31 667 1011 x2380
#P	Forrest Hill, Edinburgh, U.K.
#
# UK domain name
edai = "edai.ed.ac.uk"

#N	edcaad
#O	Dept. of Architecture, Edinburgh Uni.
#C	Bob Kemp
#E	postmaster@caad.ed.ac.uk
#T	+44 31 667 1011 x4595
#P	20 Chambers Street, Edinburgh, U.K.
#
# UK domain name
edcaad = "caad.ed.ac.uk"

#N	edecsvax
#O	Department of Computer Science, Edinburgh Univ.
#C	Gordon Brebner
#E	GORDON@ecsvax.ed.ac.uk
#T	+44 31 667 1081 x2766
#P	King's Buildings, Mayfield Road, Edinburgh, U.K.
#
# UK domain name
edecsvax = "ecsvax.ed.ac.uk"

#N	edee
#O	Dept. of Electrical Engineering, Edinburgh Uni.
#C	Iain Lindsay
#E	iain@edee.ed.ac.uk
#T	+44 31 667 1081 x3664
#P	King's Buildings, Mayfield Road, Edinburgh, U.K.
#
# UK domain name
edee = "edee.ed.ac.uk"

#N	edisg
#O	Integrated Systems Group, Edinburgh Uni.
#C	Iain Lindsay
#E	iain@edee.ed.ac.uk
#T	+44 31 667 1081 x3664
#P	King's Buildings, Mayfield Road, Edinburgh, U.K.
#
# UK domain name
edisg = "isg.ed.ac.uk"

#N	educ-isis
#O	Computer Centre, University of London Institute of Education
#C	Lindsay Wakeman, James Rantell
#E	postie@isis.educ.lon.ac.uk, law@isis.educ.lon.ac.uk,jvr@isis.educ.lon.ac.uk
#T	+44 01 636 1500 x445, +44 01 636 1500 x444
#P	20 Bedford Way, London WC1H OAL
#
# UK domain name
educ-isis = "isis.educ.lon.ac.uk"

#N	egh-qc
#O	Quality Control Lab, East Glamorgan Hospital
#C	Peter Phillips
#E	pete@egh-qc.uucp
#T	+44 443 202641
#P	Church Village, Nr. Pontypridd, S.Wales
#

#N	elektra
#O	Abstract Hardware Ltd
#C	Bob Harris
#E	postmaster@elektra.uucp
#T	+44 895 58501
#P	Howell Building, Brunel University, Uxbridge, UB8 3PH
#

#N	emas-a
#O	Edinburgh University Computing Service
#C	Sandy Shaw, Graham Rule
#E	S.Shaw@ed.ac.uk, graham@ed.ac.uk
#T	+44 31 667 1081 x2642, +44 31 667 1081 x2802
#P	King's Buildings, Mayfield Road, Edinburgh, U.K.
#
# UK domain name
emas-a = "emas-a.ed.ac.uk"

#N	emas-b
#O	Edinburgh University Computing Service
#C	Sandy Shaw, Graham Rule
#E	S.Shaw@ed.ac.uk, graham@ed.ac.uk
#T	+44 31 667 1081 x2642, +44 31 667 1081 x2802
#P	King's Buildings, Mayfield Road, Edinburgh
#
# UK domain name
emas-b = "emas-b.ed.ac.uk"

#N	emas-c
#O	Edinburgh University Computing Service
#C	Sandy Shaw, Graham Rule
#E	S.Shaw@ed.ac.uk, graham@ed.ac.uk
#T	+44 31 667 1081 x2642, +44 31 667 1081 x2802
#P	King's Buildings, Mayfield Road, Edinburgh.
#
# UK domain name
emas-c = "emas-c.ed.ac.uk"

#N	emf
#O	Electrical Engineering Dept., Edinburgh Uni.
#C	Iain Lindsay
#E	iain@edee.ed.ac.uk
#T	+44 31 667 1081 x3664
#P	King's Buildings, Mayfield Road, Edinburgh, U.K.
#
# UK domain name
emf = "emf.ed.ac.uk"

#N	eng-alfa
#O	Engineering Department, University of Cambridge
#C	James Matheson
#E	jmrm@eng-dsl.cam.ac.uk
#T	+44 223 332756, +44 223 332752
#P	Trumpington Street, Cambridge CB2 1PZ
#
# UK domain name
eng-alfa = "eng-alfa.cam.ac.uk"

#N	eng-beta
#O	Engineering Department, University of Cambridge
#C	James Matheson
#E	jmrm@eng-dsl.cam.ac.uk
#T	+44 223 332756, +44 223 332752
#P	Trumpington Street, Cambridge CB2 1PZ
#
# UK domain name
eng-beta = "eng-beta.cam.ac.uk"

#N	eng-dsl
#O	Engineering Department, University of Cambridge
#C	James Matheson
#E	jmrm@eng-dsl.cam.ac.uk
#T	+44 223 332756, +44 223 332752
#P	Trumpington Street, Cambridge CB2 1PZ
#
# UK domain name
eng-dsl = "eng-dsl.cam.ac.uk"

#N	eng-phil
#O	Engineering Department, University of Cambridge
#C	James Matheson
#E	jmrm@eng-dsl.cam.ac.uk
#T	+44 223 332756, +44 223 332754
#P	Trumpington Street, Cambridge CB2 1PZ
#
# UK domain name
eng-phil = "eng-phil.cam.ac.uk"

#N	epistemi
#O	School of Cognitive Studies, Edinburgh Uni.
#C	Irene Orr
#E	irene@epistemi.ed.ac.uk
#T	+44 31 667 1011 x6252
#P	2 Buccleuch Place, Edinburgh, U.K.
#
# UK domain name
epistemi = "epistemi.ed.ac.uk"

#N	epvax
#O	Experimental Psychology Laboratory, Univ. of Sussex
#C	Jeremy Maris
#E	JEREMYM@epvax.sussex.ac.uk
#T	+44 273 678060
#P	Falmer, Brighton, East Sussex, BN1 9QY
#
# UK domain name
epvax = "epvax.sussex.ac.uk"

#N	ese
#O	Electronic Systems Engineering Department, University of Essex
#C	Eric Strudwick
#E	eric@ese.essex.ac.uk
#T	+44 206 863613
#P	Wivenhoe Park, Colchester, Essex, CO4 3SQ
#
# UK domain name
ese = "ese.essex.ac.uk"

#N	esgr
#O	Dept. Computer Science, University of Essex
#C	Tony Lawson
#E	tony@esgr.sx.ac.uk
#T	+44 206 862286 x2320
#P	Wivenhoe Park, Colchester, Essex C04 3SQ
#
# UK domain name
esgr = "esgr.sx.ac.uk"

#N	eusip
#O	Centre for Speech Technology Research, Edinburgh Uni.
#C	Alex Zbyslaw
#E	alex@eusip.ed.ac.uk
#T	+44 31 225 8883 x265
#P	80 South Bridge, Edinburgh, U.K.
#
# UK domain name
eusip = "eusip.ed.ac.uk"

#N	exda
#O	Math Stat & OR Department, Exeter University
#C	Mr. Raymond Thompson
#E	postmaster@exda.exeter.ac.uk
#T	+44 392 264477
#P	Exeter, Devon, EX4 4PU
#
# UK domain name
exda = "exda.exeter.ac.uk"

#N	expya
#O	Computer Science, Exeter University
#C	Mr. Khalid Sattar
#E	postmaster@cs.exeter.ac.uk
#T	+44 392 264061
#P	Exeter, Devon, EX4 4PT
#
# UK domain name
expya = "cs.exeter.ac.uk"

#N	flame
#O	VLSI Group, Warwick University
#C	Jeff Smith
#E	jeff@warwick.uucp
#T	+44 203 24011 x2485
#P	Coventry, CV4 7AL
#
# UK domain name
flame = "flame.warwk.ac.uk"

#N	galadriel
#O	British Telecom
#C	Andy Howcroft
#E	andy@galadriel.bt.co.uk
#T	+ 44 473 643653
#P	British Telecom Research Labs, Martlesham Heath, Ipswich
#

#N	gec-erc
#O	GEC Engineering Research Centre
#C	John Ockford
#E	uknet@gec-erc.co.uk
#T	+44 533 863434
#P	Cambridge Road, Whetstone, Leicester LE8 3LH
#
# UK domain name
gec-erc = "gec-erc.co.uk"

#N	gecepl
#O	GEC Electrical Projects Ltd.
#C	Edwin Lewis Evans
#E	ELE@a.gec-epl.co.uk
#T	+44 788 2144 x3261
#P	System Design Dept, Boughton Road, Rugby, Warwickshire
#
# UK domain name
gecepl = "a.gec-epl.co.uk"

#N	gecsw
#O	GEC Software
#C	Peter Cox, Ray Hutchings
#E	pjc@gecsw.uucp
#T	+44 1 240 7171
#P	132-135 Long Acre, London, WC2E 9AH
#

#N	glasgow
#O	Computing Science Dept., Glasgow University,
#C	Naveed Khan, Pete Bailey(system manager), Robert Fee, Nick Nei, Jem Taylor
#E	Postmaster@cs.glasgow.ac.uk
#T	+44 41 339 8855 x4264
#P	Computing Science Dept, University of Glasgow, Glasgow, G12 8QQ
#
# UK domain name
glasgow = "cs.glasgow.ac.uk"

#N	glgeol
#O	Geology Dept., Glasgow University,
#C	Colin Farrow (geology) or (comp.sci) Naveed Khan, Pete Bailey(system manager), Robert Fee, Nick Nei, Jem Taylor
#E	postmaster@geology.glasgow.ac.uk
#T	+44 41 339 8855 xXXXX (geology) or (comp.sci) x4264
#P	Geology Dept, University of Glasgow, Glasgow, G12 8QQ
#
# UK domain name
glgeol = "geology.glasgow.ac.uk"

#N	glpsy
#O	Psychology Dept., Glasgow University,
#C	Jim Mullen (psychology), or (comp.sci) Naveed Khan, Pete Bailey(system manager), Robert Fee, Nick Nei, Jem Taylor
#E	postmaster@psy.glasgow.ac.uk
#T	+44 41 339 8855 xXXXX (psychology) or (comp.sci) x4264
#P	psychology Dept, University of Glasgow, Glasgow, G12 8QQ
#
# UK domain name
glpsy = "psy.glasgow.ac.uk"

#N	harlqn
#O	Harlequin Limited
#C	Mike Hunter
#E	mike@harlqn.uucp
#T	+44 223 872522
#P	Barrington Hall, Barrington, Cambridge, CB2 5RG
#

#N	hatfield
#O	Hatfield Polytechnic
#C	Bob Dickerson
#E	bob@hatfield.ac.uk
#T	+44 7072 79355
#P	Hatfield, Herts., AL10 9AB
#
# UK domain name
hatfield = "hatfield.ac.uk"

#N	hci
#O	Heriot-Watt Human Computer Interaction Centre, Heiot-Watt University
#C	Ian Crorie
#E	postmaster@hci.hw.ac.uk
#T	+44 31 2256465 x545
#P	Chambers Street, Edinburgh, EH1 1HX
#
# UK domain name
hci = "hci.hw.ac.uk"

#N	heuristix
#O	Heuristix Ltd
#C	P Norris
#E	root@heuristix.uucp
#T	+44 203 621138
#P	Delaport House, 57 Guildford Street, Luton, LU1 2NL
#

#N	hfnet
#O	British Telecom
#C	Nigel Cliffe
#E	nigel@hfnet.uucp
#T	+ 44 473 643210
#P	British Telecom Research Labs, Martlesham Heath, Ipswich
#

#N	hlh
#O	High Level Hardware Limited
#C	Steve Thomas
#E	steve@hlh.uucp
#T	+44 865 750494
#P	PO Box 170, Oxford, OX3 7BN
#

#N	hplb
#O	CNS Department, Bristol Research Centre,Hewlett Packard Laboratories
#C	Phill Perryman, Tim Steele
#E	postmaster@hplb.uucp
#T	+44 272 799910
#P	Filton Road, Stoke Gifford, Bristol BS12 6QZ
#

#N	hrc63
#O	Hirst Research Centre, GEC Research Ltd
#C	Paul Sharpe, Peter Polkinghorne(news)
#E	mmdfmaster@gec-rl-hrc.co.uk, pjmp@gec-rl-hrc.co.uk
#T	+44 1 908 9309
#P	East Lane, Wembley, Middlesex, HA9 7PP
#
# UK domain name
hrc63 = "gec-rl-hrc.co.uk"

#N	hu-cs
#O	Computer Science Department, Hull University
#C	Andrew Stewart, Phil Richardson
#E	as@cs.hull.ac.uk, pbr@cs.hull.ac.uk
#T	+44 482 465951
#P	Cottingham Road, Hull HU6 7RX
#
# UK domain name
hu-cs = "cs.hull.ac.uk"

#N	hu-isd
#O	Interactive Systems Design Group, University of Hull
#C	Andrew Stewart
#E	andrew@hu-isd.uucp
#T	+44 482 465067
#P	Dept. of Computer Science, The University, Hull HU6 7RX
#
# UK domain name
hu-isd = "isdg.cs.hull.ac.uk"

#N	hwcs
#O	Computer Science Dept., Heriot-Watt University
#C	Ian Crorie
#E	postmaster@cs.hw.ac.uk
#T	+44 31 225 6465 x545
#P	79 Grassmarket, Edinburgh, EH1 2HJ
#
# UK domain name
hwcs = "cs.hw.ac.uk"

#N	hwec
#O	Economics Dept, Heriot-Watt University
#C	Prof Paul Hare
#E	ECOPGH@vaxa.hw.ac.uk
#T	+44 31 225 6465 x460
#P	31-35 Grassmarket, Edinburgh, EH1 2HT
#
# UK domain name
hwec = "vaxa.hw.ac.uk"

#N	hwee
#O	Elec. Eng. Dept., Heriot-Watt University
#C	Hugh Conner
#E	hmc@ee.hw.ac.uk
#T	+44 31 225 6465 x417
#P	31-35 Grassmarket, Edinburgh, EH1 2HT
#
# UK domain name
hwee = "ee.hw.ac.uk"

#N	ic-cadl
#O	CAD Teaching Laboratory, Imperial College
#C	Nick James, Paul Jennings
#E	nick@ic-cadl.uucp
#T	+44 1 589 5111 x5256
#P	Level 5, Electrical Engineering, South Kensington, London, SW7 2BT
#

#N	icdoc
#O	Dept. of Computing, Imperial College London
#C	Lee McLoughlin, Tim J. Saddler, Stephen Goddard
#E	postmaster@doc.ic.ac.uk
#T	+44 1 589 5111 x5050
#P	180 Queensgate, London, SW7 2BZ
#
# UK domain name
icdoc = "doc.ic.ac.uk"

#N	icee
#O	Elec. Eng. Control Section, Imperial College
#C	Hannah Michalska
#E	michalsk@ee.ic.ac.uk
#T	+44 1 589 5111 x5183
#P	Electrical Engineering, Imperial College, London, SW7 2BT
#
# UK domain name
icee = "ee.ic.ac.uk"

#N	iclbra
#O	ICL (Bracknell)
#C	Paul Blackburn
#E	postmaster@oasis.icl.stc.co.uk, mpb@oasis.icl.stc.co.uk
#T	+44 344 424842 x2648
#P	Lovelace Road, Bracknell, Berkshire RG12 4SN
#
# UK domain name
iclbra = "oasis.icl.stc.co.uk"

#N	iclkebc
#O	ICL Knowledge Engineering Business Centre
#C	Mark Reeder
#E	postmaster@kebc.icl.stc.co.uk
#T	+44 61 8339111 x2074
#P	Arndale House, Arndale Centre, Manchester, M4 3AR
#
# UK domain name
iclkebc = "kebc.icl.stc.co.uk"

#N	iclkid
#O	Languages Centre, ICL (Kidsgrove)
#C	Ralph Ollerenshaw
#E	postmaster@iclkid.uucp
#T	+44 782 29681 x3406
#P	West Avenue, Kidsgrove, ST7 1TL
#

#N	icloda
#O	ICL (Bracknell)
#C	Simon Feather
#E	simon@icloda.uucp
#T	+44 344 424842 x3003
#P	Lovelace Road, Bracknell, Berkshire RG12 4SN
#

#N	iclquas
#O	International Computers Limited
#C	Robert Neely
#E	rn@iclquas.uucp
#T	+44 4626 82191 x397
#P	NDC, P.O.Box 8, Icknield Way, Letchworth, Herts, SG6 1ER
#

#N	iclzen
#O	DSBC, ICL (Kidsgrove)
#C	John Jervis
#E	john@iclzen.uucp
#T	+44 782 771000 x3621
#P	West Avenue, Kidsgrove, ST7 1TL
#

#N	idec
#O	ICL Network Systems
#C	Geoff Whale
#E	geoff@idec.stc.co.uk
#T	+44 438 726161
#P	Six Hills House, London Road, Stevenage, Herts, SG1 1YB
#
# UK domain name
idec = "idec.stc.co.uk"

#N	imst
#O	British Telecom
#C	Barry Crabtree
#E	baz@imst.uucp
#T	+ 44 473 643439
#P	British Telecom Research Labs, Martlesham Heath, Ipswich
#
# UK domain name
imst = "imst.bt.co.uk"

#N	imtec
#O	Imtec Computers Ltd
#C	Russell Brown
#E	russell@imtec.uucp, usenet@imtec.uucp, postmaster@imtec.uucp
#T	+44 733 234433
#P	18 Manasty Road, Orton Southgate, Peterborough, PE2 0UP
#

#N	inset
#O	The Instruction Set Ltd.
#C	Joe Richards
#E	j.richards@inset.co.uk
#T	+44 1 251 2128
#P	City House, 190 City Road, London EC1V 2QH
#

#N	insignia
#O	Insignia Solutions Ltd.
#C	Zdrav Podolski
#E	postmaster@insignia.uucp
#T	+44 494 459426
#P	Victoria House, 28-38 Desborough St, High Wycombe, Bucks, HP11 2NF
#

#N	isieuro
#O	NBI Ltd.
#C	Nigel Crabb, Steve Gills
#E	nigel@isieuro.uucp
#T	+44 1 568 8899
#P	NBI House, 462 London Road, Isleworth, Middlesex, TW7 4EP
#

#N	ist
#O	Imperial Software Technology
#C	Neil Todd, Mark Parmenter
#E	neil@ist.co.uk, mdp@ist.co.uk
#T	+44 1 581 8155
#P	60 Albert Court, Prince Consort Road, London, SW7 2BH
#
# UK domain name
ist = "ist.co.uk"

#N	istel
#O	R & D Group, ISTEL Limited
#C	Andrew Jacobs
#E	jacobs@istel.uucp
#T	+44 527 64274
#P	PO Box 5, Grosvenor House, Prospect Hill, Redditch,Worcs, B97 4DQ
#

#N	its63a
#O	School of Information Technology, Edinburgh Uni.
#C	Scott Larnach, Jimmy Stewart
#E	scott@itspna.ed.ac.uk, jimmy@itsspna.ed.ac.uk
#T	+44 31 667 1081 x2629, +44 31 667 1081 x2630
#P	King's Buildings, Mayfield Road, Edinburgh, U.K.
#
# UK domain name
its63a = "its63a.ed.ac.uk"

#N	its63b
#O	School of Information Technology, Edinburgh Uni.
#C	Scott Larnach, Jimmy Stewart
#E	scott@itspna.ed.ac.uk, jimmy@itspna.ed.ac.uk
#T	+44 31 667 1081 x2629, +44 31 667 1081 x2630
#P	King's Buildings, Mayfield Road, Edinburgh, U.K.
#
# UK domain name
its63b = "its63b.ed.ac.uk"

#N	itspna
#O	School of Information Technology, Edinburgh Uni.
#C	Scott Larnach, Jimmy Stewart
#E	scott@itspna.ed.ac.uk, jimmy@itspna.ed.ac.uk
#T	+44 31 667 1081 x2629, +44 31 667 1081 x2630
#P	King's Buildings, Mayfield Road, Edinburgh, U.K.
#
# UK domain name
itspna = "itspna.ed.ac.uk"

#N	jsb
#O	JSB Computer Systems
#C	Mike Moore
#E	mike@jsb.uucp, postmaster@jsb.uucp
#T	+44 625 33618
#P	Cheshire House,Castle Street,Macclesfield,Cheshire,SK11 6AF
#

#N	kbsc
#O	The Knowledge-Based Systems Centre, Polytechnic of the South Bank
#C	Yorick Phoenix
#E	yorick@kbsc.uucp
#T	+44 1 350 1622 x236
#P	Manor House, 58 Northside, Clapham Common, London SW4 9RZ
#

#N	kcl-cs
#O	Dept. of Computing, Kings College London
#C	Colin Bridgeman
#E	colin@kcl-cs.uucp
#T	+44 1 836 5454 x2591
#P	The Strand, London, WC2R 2LS
#

#N	kelpie
#O	Computing Laboratory, University of Newcastle
#C	Lindsay F. Marshall
#E	lindsay@cheviot.ncl.ac.uk
#T	+44 91 2329233
#P	Newcastle upon Tyne, Tyne & Wear, NE1 7RU
#
# UK domain name
kelpie = "kelpie.ncl.ac.uk"

#N	kernel
#O	Kernel Technology Limited
#C	Mark J. Hewitt, Sak Wathanasin
#E	postmaster@kernel.uucp
#T	+44 532 465311
#P	Number Twenty One, Queen St, Leeds, West Yorkshire, LS1 2TW
#

#N	kl-cs
#O	Department of Computer Science, University of Keele
#C	Mark Walsh
#E	postmaster@cs.kl.ac.uk
#T	+44 782 621111 x3344
#P	Keele, Staffordshire, ST5 5BG.
#
# UK domain name
kl-cs = "cs.kl.ac.uk"
SHAR_EOF
:	End of shell archive
exit 0
