
:	This is a shell archive.
:	Remove everything above this line and
:	run the following text with /bin/sh to create:
:	u.gbr.2
: This archive created: Tue May  3 02:05:06 1988
echo shar: extracting u.gbr.2
cat << 'SHAR_EOF' > u.gbr.2
# u.gbr.2: changes to uknet@ukc.ac.uk
# UUCP map for the United Kingdom - section [l-z]
# Do not use this map in the UK
# UK local information is stored on ~uucp/uumap/uk.gbr.2 on ukc
# Built: Fri Apr 29 05:55:20 BST 1988

#N	latlog
#O	Lattice Logic Ltd
#C	Ian Young
#E	postmaster@latlog.co.uk
#T	+44 31 225 3434
#P	9 Wemyss Place, Edinburgh, EH3 6DH
#L	03 12 22 W / 55 57 12 N
#

#N	lena
#O	Dept of Elec Engineering, Leeds University
#C	Mike O'Carroll
#E	postmaster@lena.uucp
#T	+44 532 431751 x338
#P	Leeds, LS2 9JT
#L	01 33 30 W / 53 48 30 N
#

#N	lexhw
#O	Lex Logisticon Ltd
#C	Chris Gallagher
#E	chris@lexhw.uucp
#T	+44 494 450401
#P	Free Press House, Castle Street, High wycombe, Bucks HP13 6RN
#L	00 55 00 W / 51 37 00 N
#

#N	lfcs
#O	Laboratory for the Foundations of Computer Science, Edinburgh Uni.
#C	Morna Findlay, Scott Larnach, George Cleland
#E	morna@lfcs.ed.ac.uk, scott@itspna.ed.ac.uk, glc@lfcs.ed.ac.uk
#T	+44 31 667 1081 x2807, +44 31 667 1081 x2629, +44 31 667 1081 x2987
#P	King's Buildings, Mayfield Road, Edinburgh, U.K.
#L	03 10 W / 55 55 N city
#
lfcs = cstvax
# UK domain name
lfcs = "lfcs.ed.ac.uk"

#N	liv
#O	Computer Laboratory, University of Liverpool,
#C	Dr. C. Wooff
#E	QQ43@ibm.liverpool.ac.uk
#T	+44 51 709 6022 x2932
#P	P.O. Box 147, Liverpool L69 3BX.
#L	02 57 19 W / 53 24 13 N
#
# UK domain name
liv = "liv.ac.uk"

#N	liv-cs
#O	Dept of Computer Science, University of Liverpool
#C	Martin Beer
#E	sqmbeer@csvax.liv.ac.uk
#T	+44 51 709 6022 ext 2967
#P	P.O.Box 147, Liverpool, L69 3BX
#L	03 00 00 W / 53 25 00 N
#
# UK domain name
liv-cs = "csvax.liv.ac.uk"

#N	liv-ib
#O	Computer Laboratory, University of Liverpool,
#C	Dr. C. Wooff,
#E	QQ43@ibm.liverpool.ac.uk
#T	+44 51 709 6022 x2932
#P	P.O. Box 147, Liverpool L69 3BX.
#L	02 57 19 W / 53 24 13 N
#
# UK domain name
liv-ib = "ibm.liv.ac.uk"

#N	lloydreg
#O	Lloyds Register for Shipping
#C	Dr Justin Newland
#E	lloydreg@lloydreg.uucp
#T	+44 1 709 9166 x2839
#P	71 Fenchurch St, London EC3
#L	
#

#N	log-3com
#O	Logitek plc.
#C	Paul Vickers
#E	paulv@logitek.co.uk
#T	+44 257 426644
#P	Bradley Lane, Standish, Wigan, Lancashire, WN6 0XQ
#L	
#

#N	logcam
#O	Logica Cambridge Ltd.
#C	Tim Hoverd
#E	timh@logcam.uucp
#T	+44 223 66343 x4807
#P	Betjeman House, 104 Hills Road, Cambridge, CB2 1LQ
#L	00 08 00 E / 52 11 00 N
#

#N	logitek
#O	Logitek plc.
#C	Paul Vickers
#E	paulv@logitek.co.uk
#T	+44 257 426644
#P	Bradley Lane, Standish, Wigan, Lancashire, WN6 0XQ
#L	
#
# UK domain name
logitek = "logitek.co.uk"

#N	lonsqnt
#O	Sequent Europe Ltd.
#C	Steve Wanless, David McLeman
#E	stevew@lonsqnt.uucp
#T	+44 1 570 2066
#P	1 Martindale Road, Hounslow, Middlesex, TW4 7EW
#L	
#

#N	lse-pims
#O	Department of  Social Psychology, London School of Economics
#C	Gerald Leong, Patrick Humphreys, Andy Wells
#E	pims@lse-pims.uucp, root@lse-pims.uucp
#T	+44 1 405 7686 x 2752, +44 1 405 7686 x 2699
#P	Houghton Street, London WC2A 2AE
#L	
#
lse-pims = phoebus

#N	lsply
#O	Leeds Polytechnic
#C	Nigel R. Armfield, Jim Jackson
#E	nigel@leeds-poly.ac.uk, csusjim@leeds-poly.ac.uk
#T	+44 532 744122
#P	The Grange,Beckett Park,Leeds LS6 3QS
#L	
#
# UK domain name
lsply = "leeds-poly.ac.uk"

#N	ltvad
#O	Starlink Node, University of Leicester
#C	Philip N Daly
#E	OPER@star.le.ac.uk
#T	+44 533 523507
#P	Department of Physics, University Road,Leicester,LE1 7RH
#L	01 07 20 W / 52 37 20 N
#
# UK domain name
ltvad = "star.le.ac.uk"

#N	lucifer
#O	Lucas Micos Ltd
#C	Elaine Burrow
#E	elaine@lucifer.uucp
#T	+44 285 67981
#P	Phoenix Way, Cirencester, Gloucestershire, GL7 1QG
#L	01 58 00 W / 51 42 30 N
#

#N	lut
#O	Computer Centre, Loughborough University of Technology
#C	Rob Thirlby
#E	rthirlby@multics.lut.ac.uk
#T	+44 509 222305
#P	Ashby Road, Loughborough, Leicestershire, LE11 3TU
#L	01 13 00 W / 52 46 00 N 
#
# UK domain name
lut = "multics.lut.ac.uk"

#N	lutchi
#O	LUTCHI Research Centre, Dept. of Comp. Studies,Loughborough University of Technology
#C	Steve Guest
#E	S.Guest@hcirug.lut.ac.uk
#T	+44 509 222692
#P	Ashby Road, Loughborough, Leicestershire, LE11 3TU
#L	01 13 00 W / 52 46 00 N
#
# UK domain name
lutchi = "hcirug.lut.ac.uk"

#N	m42
#O	School of Mathematics, University of Bath
#C	Professor John Fitch
#E	jpff@bond.uucp
#T	+44 225 626971
#P	Claverton Down, Bath, Avon, BA2 7AY
#L	02 19 25 W / 51 22 45 N
#

#N	mara
#O	MARA Ltd
#C	Robert Hamilton,Chris Miller
#E	postmaster@mara.uucp, chris@cs.hw.ac.uk
#T	+44 31 6641032
#P	284 Gilmerton Road, Edinburgh
#L	03 11 30 W / 55 56 00 N
#

#N	mari
#O	Mari Advanced Microelectronics Ltd.
#C	John.A.Law
#E	jal@mari.uucp
#T	+44 091 2722522
#P	32 Grainger Park Rd., Newcastle upon Tyne, NE4 8RY
#L	01 36 00 W / 55 00 00 N
#

#N	matr-a
#O	Matrix Software Development
#C	Ken Farnen
#E	ken@matr-a.uucp
#T	+44 51 737 1915
#P	50 Chelwood Avenue, Childwall, Liverpool, Liverpool L16 3NW
#L	
#

#N	matr-d1
#O	Matrix Software Development
#C	Ken Farnen
#E	ken@matr-a.uucp
#T	+44 51 737 1915
#P	50 Chelwood Avenue, Childwall, Liverpool, Liverpool L16 3NW
#L	
#

#N	mct
#O	MCT (Micro Control Technology)
#C	W Allan Clearwaters
#E	allan@mct.uucp
#T	+44 6845 69292
#P	1, Graham Road; Malvern; Worcestershire; WR14 1HL
#L	
#

#N	memex
#O	Memex Information Systems Ltd.
#C	Scott Williamson
#E	scott@memex.co.uk
#T	+44 3552 33804
#P	16 Albion Way, Kelvin Industrial Estate, East Kilbride, G75 0YN
#L	04 10 01 W / 55 44 35 N 
#
# UK domain name
memex = "memex.co.uk"

#N	mfmail
#O	Micro Focus Ltd
#C	Gordon Scott
#E	gas@mfmail.uucp
#T	+44 635 32646 x202
#P	26 West Street, Newbury, Berks, RG13 1JT
#L	01 19 24 W / 51 24 14 N
#

#N	micas
#O	Nodecrest Ltd.
#C	Dr Nicholas Brown
#E	usenet@micas.uucp
#T	+44 9323 40555
#P	Unit A, Sprint Industrial Estate, Chertsey Road, Byfleet,Surrey KT14 7BD
#L	00 33 30 W / 51 20 56 N
#

#N	miduet
#O	ATE Div., Marconi Instruments Ltd.
#C	Steve Lademann
#E	system_manager@gec-mi-at.co.uk
#T	+44 727 36421 x4326
#P	Longacres, St. Albans, Herts, AL4 0JN
#L	00 19 00 W / 51 45 00 N
#
# UK domain name
miduet = "gec-mi-at.co.uk"

#N	minerva
#O	School of Mathematics, University of Bath
#C	Julian Padget
#E	jap@bond.uucp
#T	+44 225 826971
#P	Claverton Down, Bath, Avon BA2 7AY
#L	02 19 25 W / 51 22 45 N
#

#N	minim
#O	Computation Department, UMIST.
#C	Mark Brady
#E	mdb@va.co.umist.ac.uk
#T	+44 61 236 3311 x2049
#P	Sackville St, Manchester, M60 1QD
#L	2 14 00 W / 53 28 00 N 
#
# UK domain name
minim = "va.co.umist.ac.uk"

#N	minster
#O	Department of Computer Science, University of York
#C	C H Forsyth
#E	forsyth@minster.york.ac.uk, usenet@minster.york.ac.uk
#T	+44 904 430000 x5598
#P	Heslington, York, YO1 5DD
#L	1 03 00 W / 53 56 50 N
#
# UK domain name
minster = "minster.york.ac.uk"

#N	mirage
#O	Mirage Image Processing Systems Ltd.
#C	Jonathan Stockley.
#E	jvs@mirage.uucp
#T	+44 0276 61516
#P	106 Gordon Road, Camberley, Surrey, GU15 2JE
#L	00 44 00 W / 51 20 00 N
#

#N	moncam
#O	Monotype International ADG
#C	Dave Allen, Harry Fearnhamm, Paul Hudson, Lewis Tsao
#E	dave@moncam.uucp
#T	+44 223 64018
#P	Science Park, Milton Road, Cambridge, CB4 4FQ
#L	
#

#N	mrc-apu
#O	MRC Applied Psychology Unit
#C	Steve Platt
#E	postmaster@mrc-apu.cam.ac.uk
#T	+44 223 355294 x114
#P	15 Chaucer Road, Cambridge CB2 2EF
#L	00 07 15 E / 52 11 32 N
#
# UK domain name
mrc-apu = "mrc-apu.cam.ac.uk"

#N	mrca
#O	GEC Research, Marconi Research Centre
#C	Trevor Wright
#E	postmaster@a.gec-mrc.co.uk, yc23@a.gec-mrc.co.uk
#T	+44 245 73331 x3224
#P	West Hanningfield Road, Great Baddow, Chelmsford, Essex CM2 8HN
#L	000 30 E / 51 42 N
#
# UK domain name
mrca = "a.gec-mrc.co.uk"

#N	mrcvax
#O	Clinical & Population Cytogenetics Unit, Medical Research Council
#C	John Ireland
#E	ireland@mrcvax.ed.ac.uk
#T	+44 31 332 2471
#P	Western General Hospital, Crewe Road, Edinburgh
#L	03 13 W / 55 57 N city
#
# UK domain name
mrcvax = "mrcvax.ed.ac.uk"

#N	mu-jbs
#O	Nuffield Radio Astronomy Laboratories, University of Manchester
#C	Brian McIlwrath, Roger Noble
#E	OPER@star.jb.man.ac.uk
#T	+44 477 71321
#P	Jodrell Bank, Macclesfield, Cheshire, SK11 9DL
#L	02 18 09 W / 53 14 01 N
#
# UK domain name
mu-jbs = "star.jb.man.ac.uk"

#N	mucgu
#O	Computer Graphics Unit, Dept Computer Science, Manchester University
#C	Terry Hewitt
#E	hewitt@cgu.cs.man.ac.uk
#T	+44 61 273 7121 Ext 5404
#P	Oxford Road, Manchester M13 9PL
#L	02 14 00 W / 53 29 00 N
#
# UK domain name
mucgu = "cgu.cs.man.ac.uk"

#N	mucs
#O	Dept of Computer Science, University of Manchester
#C	Aidan Loyns
#E	aloyns@ux.cs.man.ac.uk
#T	+44 61 275 6119
#P	Oxford Road, Manchester, M13 9PL
#L	02 14 00 W / 53 29 00 N
#
# UK domain name
mucs = "ux.cs.man.ac.uk"

#N	muee
#O	Department of Electrical Engineering, University of Manchester.
#C	Ernie Hill
#E	CADMAN@v1.ee.man.ac.uk
#T	+44 61 273 7121 x5121
#P	Manchester, M13 9PL.
#L	02 14 00 W / 53 29 00 N
#
# UK domain name
muee = "v1.ee.man.ac.uk"

#N	mup1
#O	Dept of Computer Science, University of Manchester
#C	Aidan Loyns
#E	aloyns@ux.cs.man.ac.uk
#T	+44 61 275 6119
#P	Manchester, M13 9PL
#L	02 14 00 W / 53 29 00 N
#
# UK domain name
mup1 = "p1.cs.man.ac.uk"

#N	mupsy
#O	Department of Psychology, University of Manchester
#C	Nick Hidden
#E	nick@mupsy.uucp
#T	+44 61 275 2571
#P	Oxford Road, Manchester M13 9PL
#L	02 14 00 W / 53 29 00 N
#
# UK domain name
mupsy = "psy.man.ac.uk"

#N	mur1
#O	Dept of Computer Science, University of Manchester
#C	Aidan Loyns
#E	aloyns@ux.cs.man.ac.uk
#T	+44 61 275 6119
#P	Manchester, M13 9PL
#L	02 14 00 W / 53 29 00 N
#
# UK domain name
mur1 = "r1.cs.man.ac.uk"

#N	mur2
#O	Dept of Computer Science, University of Manchester
#C	Aidan Loyns
#E	aloyns@ux.cs.man.ac.uk
#T	+44 61 275 6119
#P	Manchester, M13 9PL
#L	02 14 00 W / 53 29 00 N
#
# UK domain name
mur2 = "r2.cs.man.ac.uk"

#N	mur3
#O	Dept of Computer Science, University of Manchester
#C	Aidan Loyns
#E	aloyns@ux.cs.man.ac.uk
#T	+44 61 275 6119
#P	Manchester, M13 9PL
#L	02 14 00 W / 53 29 00 N
#
# UK domain name
mur3 = "r3.cs.man.ac.uk"

#N	mur4
#O	Dept of Computer Science, University of Manchester
#C	Aidan Loyns
#E	aloyns@ux.cs.man.ac.uk
#T	+44 61 275 6119
#P	Manchester, M13 9PL
#L	02 14 00 W / 53 29 00 N
#
# UK domain name
mur4 = "r4.cs.man.ac.uk"

#N	mur5
#O	Dept of Computer Science, University of Manchester
#C	Aidan Loyns
#E	aloyns@ux.cs.man.ac.uk
#T	+44 61 275 6119
#P	Manchester, M13 9PL
#L	02 14 00 W / 53 29 00 N
#
# UK domain name
mur5 = "r5.cs.man.ac.uk"

#N	mur6
#O	Dept of Computer Science, University of Manchester
#C	Aidan Loyns
#E	aloyns@ux.cs.man.ac.uk
#T	+44 61 275 6119
#P	Manchester, M13 9PL
#L	02 14 00 W / 53 29 00 N
#
# UK domain name
mur6 = "r6.cs.man.ac.uk"

#N	mur7
#O	Dept of Computer Science, University of Manchester
#C	Aidan Loyns
#E	aloyns@ux.cs.man.ac.uk
#T	+44 61 275 6119
#P	Manchester, M13 9PL
#L	02 14 00 W / 53 29 00 N
#
# UK domain name
mur7 = "r7.cs.man.ac.uk"

#N	nag
#O	NAG Ltd
#C	Forooz Saedi x218
#E	SYSTEM@vax.num-alg-grp.co.uk
#T	+44 865 511245
#P	Mayfield House, 256 Banbury Road, Oxford OX2 7DE
#L	01 15 40 W / 51 46 30 N
#
# UK domain name
nag = "vax.nag.co.uk"

#N	ncl
#O	Computing Laboratory, University of Newcastle
#C	Andy Linton
#E	Andy_Linton@newcastle.ac.uk
#T	+44 91 232 9233
#P	Newcastle upon Tyne, Tyne & Wear, NE1 7RU
#L	01 36 46 W /  54 58 50 N
#
# UK domain name
ncl = "newcastle.ac.uk"

#N	newcombe
#O	School of Mathematics, University of Bath
#C	Professor James Davenport
#E	jhd@bond.uucp
#T	+44 225 826181
#P	Claverton Down, Bath, Avon BA2 7AY
#L	02 19 25 W / 51 22 45 N
#

#N	newi
#O	N.E. Wales Inst. of Higher Education
#C	Kim Birkhead
#E	kim@newi.uucp
#T	+44 978 290390 x325
#P	Cartrefle College, Cefn Road, Wrexham, Clwyd LL13 9NL
#L	02 58 00 W / 53 03 00 N
#

#N	norsk
#O	Norsk Data Ltd
#C	Mike Bayliss, Aarron Gull(8/6/87)
#E	postmaster@norsk.uucp
#T	+44 635 35544
#P	Benham Valence, Newbury, Berkshire RG16 8LU
#L	
#

#N	nott-cs
#O	Computer Science, Nottingham University
#C	William Armitage
#E	wja@cs.nott.ac.uk
#T	+44 602 506101 x3648
#P	University Park, Nottingham NG7 2RD
#L	01 11 00 W / 52 56 00 N
#
# UK domain name
nott-cs = "cs.nott.ac.uk"

#N	nott-ps
#O	Dept of Psychology, University of Nottingham
#C	Dave Dingwall
#E	ddj@psychology.nottingham.ac.uk
#T	+44 602 506101 x3197
#P	University Park, Nottingham, NG7 2RD
#L	01 11 00 W / 52 56 00 N
#
# UK domain name
nott-ps = "psyc.nott.ac.uk"

#N	npcs
#O	Computer Studies Department, Napier Polytechnic
#C	Malcolm Campbell 
#E	postmaster@npcs.uucp
#T	+44 31 444 2266 x3331
#P	Sighthill Court, EDINBURGH
#L	03 11 40 W / 55 56 50 N
#

#N	nplcsu
#O	Computing Services Unit, NPL
#C	Martin Kiff
#E	mgk@nplcsu.uucp
#T	+44 1 943 6501, +44 1 977 3222
#P	Division of Information Technology and Computing,Teddington, Middx TW11 0LW
#L	00 20 00 W / 51 25 00 N
#

#N	nplpsg
#O	Protocol Standards Group, NPL
#C	Adrian McKie, Bronia Hayward
#E	aam@psg.npl.co.uk, bmh@psg.npl.co.uk
#T	+44 1 943 7035, +44 1 943 7032
#P	Division of Information Technology and Computing,Teddington, Middx TW11 0LW
#L	00 20 00 W / 51 25 00 N
#
# UK domain name
nplpsg = "psg.npl.co.uk"

#N	nplseg
#O	Software Engineering Group, NPL
#C	Graeme Parkin, Nick North
#E	pppvs@seg.npl.co.uk
#T	+44 1 943 7006, +44 1 943 6494, +44 1 977 3222
#P	Division of Information Technology and Computing,Teddington, Middlesex TW11 0LW
#L	00 20 00 W / 51 25 00
#
# UK domain name
nplseg = "seg.npl.co.uk"

#N	nsosbc
#O	International Computers Limited
#C	John Morris-Best
#E	jmmb@nsosbc.uucp
#T	+44 61 223 1301 x2209
#P	Wenlock Way, West Gorton, Manchester, M12 5DR
#L	02 12 00 W / 53 28 03 N
#

#N	olgb1
#O	OEM/VAR Division, British Olivetti Ltd.
#C	Tony Walton
#E	olapw@olgb1.uucp
#T	+44 1 789 6699 x239
#P	Wellington House, 154-160 Upper Richmond Road, London, SW15 2FN
#L	00 12 00 W / 51 27 30 N
#
olgb1	oldk1(DAILY), olhqma(DAILY)

#N	ouacs
#O	Academic Computing Service, Open University
#C	Ian Macdonald
#E	postmaster@vax.acs.open.ac.uk
#T	+44 908 653684
#P	Walton Hall, Milton Keynes, MK7 6AA
#L	00 42 35 W / 52 01 30 N
#
# UK domain name
ouacs = "acsvax.ou.ac.uk"

#N	ox-prg
#O	Programming Research Group, Oxford University Computing Laboratory
#C	Jonathan Bowen, Malcolm Harper
#E	bowen@prg.ox.ac.uk, mkh@prg.ox.ac.uk
#T	+44 865 273838
#P	8-11 Keble Road, Oxford OX1 3QD
#L	01 15 26 W / 51 45 32 N
#
ox-prg = prgv
# UK domain name
ox-prg = "prg.oxford.ac.uk"

#N	ox-rob
#O	Robotics Research Group, Department of Engineering Science, Oxford University
#C	P.C.Leyland, Alan M. McIvor, J.M.Brady
#E	pcl@robots.oxford.ac.uk
#T	+44 865 273157
#P	Parks Road, Oxford OX1 3PJ
#L	01 15 39 W / 51 45 33 N
#
# UK domain name
ox-rob = "robots.oxford.ac.uk"

#N	oxcnvx
#O	Computing Service, Oxford University
#C	Charles Curran, Dave Rischmiller
#E	postmaster@convex.oxford.ac.uk, charles@convex.oxford.ac.uk
#T	+44 865 273269
#P	13 Banbury Road, OXFORD, OX2 6NN
#L	01 15 W / 51 45 N  city 
#
# UK domain name
oxcnvx = "convex.oxford.ac.uk"

#N	oxinst
#O	Special Projects Group, Oxford Instruments Limited
#C	Georgina Howes
#E	HOWES@helios.oxford-instruments.co.uk
#T	+44 865 250573
#P	Osney Mead Industrial Estate, Osney Mead, Oxford OX2 0DX
#L	01 16 33 W / 51 44 75 N
#
# UK domain name
oxinst = "hls.oxinst.co.uk"

#N	oxphv1
#O	Nuclear Physics Laboratory, Oxford University
#C	John Macallister
#E	macallstr@v1.ph.ox.ac.uk
#T	+44-865-273388
#P	Keble Road, Oxford OX1 3RH
#L	01 15 40 W / 51 45 40 N
#
# UK domain name
oxphv1 = "v1.ph.ox.ac.uk"

#N	paisley
#O	Maths and Computing Dept, Paisley College of Technology
#C	Robert Hamilton
#E	root@cs.paisley.ac.uk
#T	+44 41 887 1241 x219
#P	High Street, Paisley, Scotland
#L	
#
# UK domain name
paisley = "cs.paisley.ac.uk"

#N	pcl-badger
#O	Computer Services, The Polytechnic of Central London
#C	Ben Anrep
#E	ben@lynx.pcl.ac.uk
#T	+44 1 486 5811 x6404
#P	115 New Cavendish St, London, W1M 8JS
#L	00 08 00 W / 51 31 00 N
#
# UK domain name
pcl-badger = "badger.pcl.ac.uk"

#N	pcl-lynx
#O	Computer Services, The Polytechnic of Central London
#C	Ben Anrep
#E	ben@lynx.pcl.ac.uk
#T	+44 1 486 5811 x6404
#P	115 New Cavendish St, London, W1M 8JS
#L	00 08 00 W / 51 31 00 N
#
# UK domain name
pcl-lynx = "lynx.pcl.ac.uk"

#N	pcl-mole
#O	Computer Services, The Polytechnic of Central London
#C	Chris Maslen
#E	chrism@stoat.pcl.ac.uk
#T	+44 1 486 5811 x6404
#P	115 New Cavendish St, London, W1M 8JS
#L	00 08 00 W / 51 31 00 N
#
# UK domain name
pcl-mole = "mole.pcl.ac.uk"

#N	pcl-otter
#O	Computer Services, The Polytechnic of Central London
#C	Chris Maslen
#E	chrism@stoat.pcl.ac.uk
#T	+44 1 486 5811 x6404
#P	115 New Cavendish St, London, W1M 8JS
#L	00 08 00 W / 51 31 00 N
#
# UK domain name
pcl-otter = "otter.pcl.ac.uk"

#N	pcl-stoat
#O	Computer Services, The Polytechnic of Central London
#C	Chris Maslen
#E	chrism@stoat.pcl.ac.uk
#T	+44 1 486 5811 x6404
#P	115 New Cavendish St, London, W1M 8JS
#L	00 08 00 W / 51 31 00 N
#
# UK domain name
pcl-stoat = "stoat.pcl.ac.uk"

#N	pfizer
#O	Dept Computing, Pfizer Central Research
#C	Brian Williams
#E	postmaster@svax05.pcr.co.uk
#T	+44 304 616775
#P	Sandwich, CT13 9NJ
#L	01 21 00 E / 51 17 11 N
#
# UK domain name
pfizer = "svax05.pcr.co.uk"

#N	phcomp
#O	Parliament Hill Computers
#C	Alain Williams
#E	addw@phcomp.uucp
#T	+44 1 435 0200
#P	3 Parliament Court, Parliament Hill, London NW3 2TS
#L	00 09 15 W / 51 33 13 N
#
# UK domain name
phcomp = "phcomp.co.uk"

#N	port
#O	Central Computing Services, Portsmouth Polytechnic
#C	Mr D J Weaving
#E	WEAVINGDJ@cv.port.ac.uk
#T	+44 705 827681 x202
#P	Mercantile House, Hampshire Terrace, Portsmouth, PO1 2EG
#L	01 05 30 W / 50 47 40 N
#
port = por-ee
# UK domain name
port = "cv.port.ac.uk"

#N	praxis
#O	Praxis Systems plc
#C	Tim Rylance
#E	tkr@praxis.uucp
#T	+44 225 335855
#P	20 Manvers Street, BATH, BA1 1PX
#L	02 21 15 W / 51 22 40 N
#

#N	prlhp1
#O	Philips Research Laboratories
#C	Dr David Spencer
#E	spencer@prl.philips.co.uk
#T	+44 293 785544
#P	Redhill, RH1 5HA
#L	00 10 00 W / 51 11 00 N
#
prlhp1 = prlvax4
# UK domain name
prlhp1 = "prl.philips.co.uk"

#N	pyrltd
#O	Pyramid Techology Ltd
#C	Richard Morgan
#E	rpm@pyrltd.uucp
#T	+44 252 373035
#P	Concept 2000, 250 Farnborough Road, Farnborough,Hants,GU147NA
#L	
#
pyrltd = pyritd

#N	qb-cc
#O	Computer Centre, The Queens University of Belfast
#C	John Smyth
#E	J.SMYTH@v1.qub.ac.uk
#T	+44 232 245133 x3775, x3776
#P	BELFAST, BT7 1NN
#L	
#
# UK domain name
qb-cc = "v1.qub.ac.uk"

#N	qmc-cs
#O	Computer Science Dept, Queen Mary College, University of London
#C	Martin Jones
#E	martin@cs.qmc.ac.uk
#T	+44 1 980 4811 x3950
#P	Mile End Road, London E1 4NS
#L	00 00 01 W / 51 31 31 N
#
# UK domain name
qmc-cs = "cs.qmc.ac.uk"

#N	qmc-ee
#O	Dept. of Electrical Engineering, Queen Mary College
#C	Flash Sheridan, Dominic Pang
#E	postmaster@qmc-ee.uucp
#T	+44 1 980 4811 ext 4340
#P	Mile End Road, LONDON, E1 4NS
#L	00 00 02 W / 51 31 30 N
#

#N	qmc-ms
#O	School of Mathematical Sciences, Queen Mary College
#C	Malcolm MacCallum, Francis Wright, Andrew Tworkowski
#E	postmaster@maths.qmc.ac.uk
#T	+44 1 980 4811
#P	Mile End Road, LONDON, E1 4NS
#L	00 00 02 W / 51 31 30 N
#
qmc-ms = qmc-ori
# UK domain name
qmc-ms = "maths.qmc.ac.uk"

#N	qtlon
#O	Quantime Ltd.
#C	Mike Elston
#E	mike@qtlon.uucp
#T	+44 1 637 7061
#P	17 Bedford Square, London, WC1B 3JA
#L	
#
# UK domain name
qtlon = "quantime.co.uk"

#N	r15a
#O	British Telecom
#C	David Songhurst
#E	djs@r15a.bt.co.uk
#T	+ 44 473 645595
#P	British Telecom Research Labs, Martlesham Heath, Ipswich
#L	01 17 09 E / 52 03 36 N
#
# UK domain name
r15a = "r15a.bt.co.uk"

#N	r8d
#O	British Telecom
#C	Hilary Greenhow
#E	hrg@r8d..bt.co.uk
#T	+ 44 473 643037
#P	British Telecom Research Labs, Martlesham Heath, Ipswich
#L	01 17 09 E / 52 03 36 N
#
# UK domain name
r8d = "r8d.bt.co.uk"

#N	reading
#O	University of Reading
#C	Elaine Charlson
#E	E.M.Charlson@reading.ac.uk
#T	+44 734 875123 x7879, +44 734 755862
#P	Dept. of Computer Science, Whiteknights, Reading, RG6 2AX
#L	00 56 38 W / 51 26 14 N
#
# UK domain name
reading = "reading.ac.uk"

#N	rgoa
#O	Royal Greenwich Observatory
#C	Ralph Martin
#E	system@ro-greenwich.ac.uk
#T	+44 323 833171
#P	Herstmonceux, East Sussex BN27 1RP
#L	00 20 30 E / 50 52 20 N
#
# UK domain name
rgoa = "ro-greenwich.ac.uk"

#N	rgos
#O	Royal Greenwich Observatory
#C	Chris Benn, Ralph Martin
#E	crb@starlink.ro-greenwich.ac.uk, SYSTEM@starlink.ro-greenwich.ac.uk
#T	+44 323 833 171
#P	Herstmonceux, East Sussex BN27 1RP
#L	00 20 30 E /50 52 20 N
#
# UK domain name
rgos = "starlink.ro-greenwich.ac.uk"

#N	riddle
#O	Sphinx Ltd. (Maidenhead)
#C	Jonathan Leffler, Dominic Dunlop
#E	jonathanl@sphinx.co.uk, domo@sphinx.co.uk
#T	+44 628 75343
#P	43-53 Moorbridge Road, Maidenhead, BERKS, SL6 8PL
#L	00 42 45 W / 51 31 15 N
#
# UK domain name
riddle = "sphinx.co.uk"

#N	rigg
#O	Computing Laboratory, The University
#C	Jim Wight
#E	ann@cushat.ncl.ac.uk, jkw@cushat.ncl.ac.uk
#T	+44 91 232 9233 x290, Ann(x288)
#P	Newcastle upon Tyne, NE1 7RU
#L	available from 1:50000 OS map
#
# UK domain name
rigg = "rigg.ncl.ac.uk"

#N	ritd
#O	Racal Imaging Systems Ltd (Fleet)
#C	Martin Reed, Neil Pike
#E	mr@ritd.co.uk, np@ritd.co.uk
#T	+44 252 622144 x263
#P	Richmond Court, 309 Fleet Road, Fleet, Hants, GU13 8BU
#L	00 50 00 W / 51 17 00 N
#
# UK domain name
ritd = "ritd.co.uk"

#N	rlde
#O	Neutron Division, Rutherford Appleton Laboratory
#C	W. C. A. Pulford
#E	comms@dec-e.rutherford.ac.uk
#T	+44 235 21900 x6544
#P	Didcot, Oxfordshire, OX11 0QX
#L	01 17 00 W / 51 41 00 N
#
# UK domain name
rlde = "dec-e.rutherford.ac.uk"

#N	rlgb
#O	Rutherford Appleton Laboratory
#C	Shirley Wood, Jim Craigie
#E	NTIN36@gb.rl.ac.uk
#T	+44 235 44 6389
#P	Didcot, Oxfordshire, OX11 0QX
#L	01 15 00 W / 51 35 00 N
#
# UK domain name
rlgb = "gb.rl.ac.uk"

#N	rlgm
#O	Rutherford Appleton Laboratory
#C	Shirley Wood
#E	postmaster@gm.rl.ac.uk
#T	+44 235 44 6389
#P	Didcot, Oxfordshire, OX11 0QX
#L	01 15 00 W / 51 35 00 N
#
# UK domain name
rlgm = "gm.rl.ac.uk"

#N	rlinf
#O	Informatics Department, Rutherford Appleton Laboratory
#C	Ines Vollmer
#E	ines@vd.rl.ac.uk
#T	+44 235 446190
#P	Chilton, Didcot, Oxfordshire, OX11 0QX
#L	01 17 00 W / 51 41 00 N
#
# UK domain name
rlinf = "inf.rl.ac.uk"

#N	rlpooh
#O	Rutherford Appleton Laboratory
#C	Eric Thomas
#E	ret@ib.rl.ac.uk
#T	+44 235 21900
#P	Didcot, Oxfordshire, OX11 0QX
#L	01 17 00 W / 51 41 00 N
#

#N	rlpyr-a
#O	Rutherford Appleton Laboratory
#C	Ines Vollmer
#E	ines@vd.rl.ac.uk
#T	+44 235 446190
#P	Didcot, Oxfordshire, OX11 0QX
#L	01 17 00 W / 51 41 00 N
#
# UK domain name
rlpyr-a = "pyr-a.rl.ac.uk"

#N	rlvc
#O	Rutherford Appleton Laboratory
#C	Ines Vollmer
#E	ines@vd.rl.ac.uk
#T	+44 235 446190
#P	Didcot, Oxfordshire, OX11 0QX
#L	01 17 00 W / 51 41 00 N
#
# UK domain name
rlvc = "vc.rl.ac.uk"

#N	rlvd
#O	Rutherford Appleton Laboratory
#C	Ines Vollmer
#E	ines@vd.rl.ac.uk
#T	+44 235 446190
#P	Didcot, Oxfordshire, OX11 0QX
#L	01 17 00 W / 51 41 00 N
#
# UK domain name
rlvd = "vd.rl.ac.uk"

#N	root44
#O	UniSoft Ltd.
#C	Nigel Horne
#E	njh@root.co.uk
#T	+44 1 606 7799
#P	3 Hayne Street, London, EC1A 9HH
#L	
#
# UK domain name
root44 = "root.co.uk"

#N	scicon
#O	Scicon Ltd.
#C	Philip Rooke
#E	phil@scicon.uucp
#T	+44 1 580 5599 x2720
#P	49 Berners Street, London, W1P 4AQ
#L	
#

#N	scol
#O	The Santa Cruz Operation Limited
#C	Richard Hughes-Rowlands, Michael Stephen
#E	richard@scol.uucp, michaels@scol.uucp
#T	+44 1 439 2911
#P	PO Box 4YN, 18 Noel Street, London W1A 4YN
#L	
#

#N	sdos
#O	Systems Designers (Office Systems)
#C	Jane Timmis, Gavin Saunders
#E	postmaster@sdos.uucp
#T	+44 252 544444
#P	Ferneburga House, Alexandra Road, Farnborough, Hants, GU14 6DQ
#L	00 44 50 W / 51 16 40 N
#

#N	selon
#O	The International Stock Exchange
#C	Robert Bernard
#E	reb@selon.uucp
#T	+44 1 588 2355 x26769
#P	Management Services Dept., London, EC2N 1HP
#L	
#

#N	service
#O	High Level Hardware Limited
#C	Steve Thomas
#E	steve@hlh.uucp
#T	+44 865 750494
#P	PO Box 170, Oxford, OX3 7BN
#L	01 13 00 W / 51 45 00 N
#

#N	ses6x
#O	British Telecom
#C	Simon Garrett
#E	sg@ses6x.bt.co.uk
#T	+ 44 473 224523
#P	St Vincent House, Cutler St, Ipswich, Suffolk
#L	
#
# UK domain name
ses6x = "ses6x.bt.co.uk"

#N	shandon
#O	Shandon Southern Products
#C	Martin Sullivan
#E	marra@shandon.uucp
#T	+44 9285 66611 x281
#P	Chadwick Rd, Astmoor, Runcorn, Cheshire, WA7 1PR
#L	
#

#N	siesoft
#O	Siemens Systems Development Group
#C	David Keeffe
#E	dk@siesoft.uucp
#T	+44 734 691994
#P	Woodley House, 65-73 Crockhamwell Road, Woodley, Reading
#L	00 54 30 W / 51 27 00 N
#

#N	slxsys
#O	Specialix Systems Limited
#C	John Pettitt
#E	jpp@slxsys.uucp
#T	+44 1 398 9422
#P	Roseneath House, Giggs Hill Road, Thames Ditton, Surrey, KT7 0TR
#L	
#

#N	smb
#O	SMB Business Software, THORN EMI Datasolve
#C	Allan Gregory
#E	allan@smb.co.uk 
#T	+44 623 651651
#P	High St, Mansfield, Nottingham, NG18 1ES
#L	01 13 00 W / 53 08 00 N
#

#N	sot-cm
#O	Computer Science Group, Dept of Electronics and Computer Science, Univ of Southampton
#C	David Barron, David De Roure, Sebastian Rahtz
#E	dwb@sot-cm.uucp, dder@sot-cm.uucp, spqr@sot-cm.uucp
#T	+44 703 559122 x2386
#P	Highfield, Southampton SO9 5NH
#L	01 23 40 W / 50 56 10 N
#
# UK domain name
sot-cm = "cm.soton.ac.uk"

#N	sot-maori
#O	Faculty of Mathematical Studies, University of Southampton
#C	Ray d'Inverno, Ewan Kirk, David De'Roure
#E	ray@maori.soton.ac.uk, postmaster@maori.soton.ac.uk
#T	+44 703 559122 x3672
#P	Highfield, Southampton  SO9 5NH
#L	01 23 50 W / 50 56 10 N
#
# UK domain name
sot-maori = "maori.soton.ac.uk"

#N	sot-ms
#O	Faculty of Mathematical Studies, Univ of Southampton
#C	Ray d'Inverno, David De Roure
#E	ray@sot-ms.uucp,dder@sot-cm.uucp,postmaster@sot-ms.uucp
#T	+44 703 559122 x3672 x2418
#P	Highfield, Southampton SO9 5NH
#L	01 23 50 W / 50 56 10 N
#

#N	spider
#O	Spider Systems Ltd.
#C	Andy Davis
#E	andy@spider.uucp
#T	+44 31 554 9424
#P	65 Bonnington Road, Edinburgh, EH6 5JQ
#L	03 10 28 W / 55 58 17 N
#

#N	ssl
#O	System Simulation Ltd.
#C	Mike Selway, Bryan Dongray
#E	system@ssl.uucp
#T	+44 1 836 7406
#P	250M Bedford Chambers, Covent Garden Piazza, London WC2E 8HA
#L	00 07 00 W / 51 31 00 N
#

#N	ssl-macc
#O	Software Sciences (Macclesfield)
#C	Ray Saxton
#E	ray@ssl-macc.co.uk
#T	+44 625 29241
#P	L&M House, Park Street, Macclesfield, Cheshire
#L	02 07 00 W /53 15 00 N
#
ssl-macc = sslvax
# UK domain name
ssl-macc = "ssl-macc.co.uk"

#N	stc
#O	STC Telecommunications
#C	Michael Hopkins, Bruce Munro
#E	mrh@tcom.stc.co.uk, bruce@tcom.stc.co.uk
#T	+44 1 368 1234 x3185, +44 1 368 1234 x2019
#P	Oakleigh Road South, New Southgate, London, N11 1HB
#L	00 04 04 W / 51 37 25 N
#
# UK domain name
stc = "tcom.stc.co.uk"

#N	stircs
#O	Dept of Computing Science, University of Stirling
#C	Sam Nelson
#E	postmaster@cs.stir.ac.uk
#T	+44 786 73171 x2771
#P	Stirling, FK9 4LA
#L	03 55 29 W / 56 08 59 N
#
# UK domain name
stircs = "cs.stir.ac.uk"

#N	stl
#O	STC Technology Ltd
#C	Melvin Steele
#E	Postmaster@stl.stc.co.uk
#T	+44 279 29531 x2664
#P	London Road, Harlow, Essex CM17 9NA
#L	00 07 30 E / 51 46 00 N
#
# UK domain name
stl = "stl.stc.co.uk"

#N	stlnw
#O	STC Technology Ltd.
#C	Howard Pelling
#E	postmaster@nw.stl.stc.co.uk
#T	+44 782 662212 x235
#P	Copthall House, Nelson Place, Newcastle-under-Lyme, ST5 1EZ
#L	02 13 20 W / 53 00 45 N 
#
# UK domain name
stlnw = "nw.stl.stc.co.uk"

#N	str-ab
#O	ABACUS, Dept. of Architecture, Univ. of Strathclyde,
#C	Hossein Baniamer 
#E	hossein@abacus.strathclyde.ac.uk
#T	+44 41 5524400 x3024
#P	131 Rottenrow, Glasgow, G4 0NG
#L	
#
# UK domain name
str-ab = "abacus.strathclyde.ac.uk"

#N	strath-cs
#O	Department of Computer Science, University of Strathclyde
#C	Jim Reid, Allan Black, Allan Lorimer
#E	news@cs.strath.ac.uk
#T	+44 41 552 4400 x3319/3592
#P	Richmond Street, Glasgow, G1 1XH
#L	55 52 00 W / 4 14 00 N
#
# UK domain name
strath-cs = "cs.strath.ac.uk"

#N	sx
#O	Computer Service, University of Essex
#C	Rick Blake 
#E	postmaster@sx.ac.uk
#T	+44 206 863613
#P	Wivenhoe Park, Colchester, Essex, CO4 3SQ
#L	00 58 00 E / 51 52 40N 
#
# UK domain name
sx = "sx.ac.uk"

#N	sx-cs
#O	Dept. of Computer Science, University of Essex
#C	Miles Welsh
#E	postmaster@cscvax.sx.ac.uk
#T	+44 206 862286 x 2311
#P	Wivenhoe Park, Colchester, Essex, CO4 3SQ
#L	00 58 00 E / 51 52 40 N
#
# UK domain name
sx-cs = "cscvax.sx.ac.uk"

#N	sx-et
#O	Dept. of Language & Linguistics, University of Essex
#C	Andy Holyer
#E	postmaster@et.sx.ac.uk
#T	+44 206 872092
#P	Wivenhoe Park, Colchester, Essex, CO4 3SQ
#L	00 58 00 E / 51 52 40 N
#
# UK domain name
sx-et = "eurotra.essex.ac.uk"

#N	sysdes
#O	Systems Designers Scientific
#C	Alyn Hockey
#E	ash@sysdes.uucp
#T	+44 276 686200 x212
#P	Pembroke House, Pembroke Broadway, Camberley, Surrey
#L	0 44 30 W / 51 20 00 N
#

#N	ta7a
#O	British Telecom
#C	Kevin Holley
#E	holley@ta7a.bt.co.uk
#T	+44 473 645486
#P	British Telecom Research Labs, Martlesham Heath, Ipswich
#L	01 17 09 E / 52 03 36 N
#
# UK domain name
ta7a = "ta7a.bt.co.uk"

#N	te
#O	British Telecom RT31
#C	Nigel Titley
#E	NTitley@te.bt.co.uk
#T	+44 473 646092
#P	British Telecom Research Labs, Martlesham Heath, Ipswich, Suffolk
#L	01 17 09 E / 52 03 36 N
#
# UK domain name
te = "te.bt.co.uk"

#N	telford
#O	School of Mathematics, University of Bath
#C	Professor James Davenport
#E	jhd@bond.uucp
#T	+44 225 826181
#P	Claverton Down, Bath, Avon BA2 7AY
#L	02 19 25 W / 51 22 45 N
#

#N	tesun2
#O	THORN EMI Central Research Laboratories
#C	Stephen McCabe
#E	postmaster@tesun2.uucp
#T	+44 1 848 6518
#P	Dawley Road, Hayes, Middlesex, UB3 1HH
#L	00 26 00 W / 51 30 00 N
#

#N	tivax
#O	The Turing Institute
#C	Colin Lindsay
#E	postmaster@turing.ac.uk
#T	+44 41 552 6400
#P	George House, 36 North Hanover Street, Glasgow, G1 2AD
#L	
#
# UK domain name
tivax = "turing.ac.uk"

#N	torch
#O	Torch Computers
#C	Mark Howells
#E	root@torch.co.uk
#T	+44 223 841000 x309
#P	Abberley House, Great Shelford, Cambridge CB2 5LQ
#L	00 08 00 E / 52 08 00 N
#
# UK domain name
torch = "torch.co.uk"

#N	tp-pa
#O	Teesside Polytechnic
#C	Paul Lambert, Project Manager (Systems), Computer Centre
#E	postmaster@pa.tp.ac.uk
#T	+44 642 218121 x4269
#P	Borough Road, Middlesbrough TS1 3BA
#L	01 14 15 W / 54 34 14 N
#
# UK domain name
tp-pa = "pa.tp.ac.uk"

#N	trent-doc
#O	Department of Computing, Trent Polytechnic
#C	Eric Rundle
#E	ejr@doc.trent.ac.uk
#T	+44 602 418248 x2047, +44 602 418248 x2051
#P	Newton Building, Burton Street, Nottingham, NG1 4BU
#L	1 08 09 W / 52 57 02 N
#
# UK domain name
trent-doc = "doc.trent.ac.uk"

#N	trevan
#O	Trevan Designs Limited
#C	Trevor Harris
#E	trevor@trevan.uucp
#T	+44 252 315929
#P	5 Blackwater Close, Ash, Aldershot, Hants, GU12 6JS
#L	
#

#N	ttaprl
#O	Applied Property Research Ltd.
#C	Bevis King
#E	bevis@aprl.uucp
#T	+44 1 251 5654 x15
#P	Albion Courtyard, Greenhill Rents, London, EC1M 6BN
#L	
#

#N	ttl
#O	Trading Technology Ltd
#C	John Woodgate
#E	root@ttl.uucp
#T	+44 1 626 1544 x1366
#P	Chetwynd House, 24 St Swithins Lane, London, EC4N 8AT
#L	
#

#N	ubradcs
#O	Schools of Computing, University of Bradford
#C	Geoff Bell
#E	geoff@computing.bradford.ac.uk
#T	+44 274 733466 x8526
#P	Richmond Road, Bradford, West Yorkshire, BD7 1DP
#L	01 46 00 W / 53 47 30 N
#
# UK domain name
ubradcs = "computing.bradford.ac.uk"

#N	ucl-cs
#O	Department of Computer Science, University College London
#C	Irene Hassell
#E	postmaster@ucl-cs.uucp
#T	+44 1 387 7050 x3683
#P	Gower Street, London, WC1E 6BT
#L	00 08 00 W / 51 31 00 N
#
# UK domain name
ucl-cs = "cs.ucl.ac.uk"

#N	uea-sys
#O	School of Information Systems, University of East Anglia
#C	Rupert Lorrimer
#E	ral@sys.uea.ac.uk
#T	+44 603 56161 x2612
#P	Norwich, Norfolk, NR4 7TJ
#L	
#
uea-sys = uea-dsp
# UK domain name
uea-sys = "sys.uea.ac.uk"

#N	uel
#O	AT&T UNIX Europe Ltd.
#C	Andrew Josey
#E	andrew@uel.uucp
#T	+44 1 567 7711
#P	International House, Ealing Broadway, London, W5 5DB
#L	00 12 00 W / 51 27 30 N
#

#N	uguk
#O	/usr/group/UK
#C	Alison Duke
#E	alison@uguk.uucp
#T	+44 727 36003
#P	5 Holywell Hill, St. Albans, Herts AL1 1ET.
#L	
#

#N	ukc
#O	Computing Laboratory, University of Kent
#C	Peter Collinson, Peter Houlder
#E	uknet@ukc.ac.uk, pc@ukc.ac.uk
#T	+44 227 764000 x7619
#P	Canterbury, Kent, CT2 7NF
#L	01 05 00 E / 51 18 00 N
#
ukc	cernvax(ARPA), cfg(WEEKLY), enea(ARPA),  icot(DEAD), inria(ARPA),
	ircam(DAILY), kddlab(DEAD), mcvax(ARPA-1), prlb2(ARPA), unido(ARPA), munnari(DAILY), tcdcs(DAILY), iclitc(DAILY)
# These are not correct connection frequencies
# They are shown this way to allow ukc to perform
# all routing in the UK
ukc	abdn-cs(HOURLY), abekrd(HOURLY), aber-cs(HOURLY), aberdeen(HOURLY), 
	acorn(HOURLY), aigr(HOURLY), ail(HOURLY), aiva(HOURLY), 
	aivru(HOURLY), alsys(HOURLY), alvey(HOURLY), anduk(HOURLY), 
	aprl(HOURLY), aston(HOURLY), astona(HOURLY), astonb(HOURLY), 
	astonc(HOURLY), astonk(HOURLY), astonm(HOURLY), astons(HOURLY), 
	auslon(HOURLY), axion(HOURLY), azit(HOURLY), bath63(HOURLY), 
	bbkcs(HOURLY), bham(HOURLY), bhamcr(HOURLY), bhamcs(HOURLY), 
	bond(HOURLY), bpoly1(HOURLY), bprcsitu(HOURLY), bru-cc(HOURLY), 
	bru-me(HOURLY), bruccs(HOURLY), brucct(HOURLY), brucsv(HOURLY), 
	brueer(HOURLY), btrcosmos(HOURLY), btrlc7(HOURLY), btrtigger(HOURLY), 
	bttelex(HOURLY), buck(HOURLY), calibre(HOURLY), cam-cl(HOURLY), 
	cam-orl(HOURLY), camcon(HOURLY), capiat(HOURLY), cctal(HOURLY), 
	cf-cm(HOURLY), cf-cmg(HOURLY), chaser(HOURLY), cheviot(HOURLY), 
	chroma(HOURLY), citycs(HOURLY), cix(HOURLY), concurrent(HOURLY), 
	cottage(HOURLY), covpoly(HOURLY), csbstan(HOURLY), csisles(HOURLY), 
	csta(HOURLY), cushat(HOURLY), cvaxa(HOURLY), cvedg(HOURLY), 
	cybaswan(HOURLY), daone(HOURLY), datcon(HOURLY), datlog(HOURLY), 
	dcl-cs(HOURLY), dsbc(HOURLY), easby(HOURLY), ed(HOURLY), 
	edai(HOURLY), edcaad(HOURLY), edecsvax(HOURLY), edee(HOURLY), 
	edisg(HOURLY), edmusic(HOURLY), educ-isis(HOURLY), egh-qc(HOURLY), 
	elektra(HOURLY), emas-a(HOURLY), emas-b(HOURLY), emas-c(HOURLY), 
	emf(HOURLY), eng-alfa(HOURLY), eng-beta(HOURLY), eng-dsl(HOURLY), 
	eng-phil(HOURLY), epistemi(HOURLY), epvax(HOURLY), ese(HOURLY), 
	esgr(HOURLY), eusip(HOURLY), exda(HOURLY), expya(HOURLY), 
	flame(HOURLY), fmg(HOURLY), galadriel(HOURLY), gec-erc(HOURLY), 
	gecepl(HOURLY), gecsw(HOURLY), glasgow(HOURLY), glgeol(HOURLY), 
	glpsy(HOURLY), harlqn(HOURLY), hatfield(HOURLY), hci(HOURLY), 
	heuristix(HOURLY), hfnet(HOURLY), hlh(HOURLY), hplb(HOURLY), 
	hrc63(HOURLY), hu-cs(HOURLY), hu-isd(HOURLY), hwcs(HOURLY), 
	hwec(HOURLY), hwee(HOURLY), icdoc(HOURLY), icee(HOURLY), 
	iclbra(HOURLY), iclkebc(HOURLY), iclkid(HOURLY), icloda(HOURLY), 
	iclquas(HOURLY), iclzen(HOURLY), idec(HOURLY), imst(HOURLY), 
	imtec(HOURLY), inset(HOURLY), insignia(HOURLY), isieuro(HOURLY), 
	isstan(HOURLY), ist(HOURLY), istel(HOURLY), its63b(HOURLY), 
	itspna(HOURLY), jsb(HOURLY), kbsc(HOURLY), kcl-cs(HOURLY), 
	kelpie(HOURLY), kernel(HOURLY), kl-cs(HOURLY), latlog(HOURLY), 
	lena(HOURLY), lexhw(HOURLY), lfcs(HOURLY), liv(HOURLY), 
	liv-cs(HOURLY), liv-ib(HOURLY), lloydreg(HOURLY), log-3com(HOURLY), 
	logcam(HOURLY), logitek(HOURLY), lonsqnt(HOURLY), lse-pims(HOURLY), 
	lsply(HOURLY), ltvad(HOURLY), lucifer(HOURLY), lut(HOURLY), 
	lutchi(HOURLY), m42(HOURLY), mara(HOURLY), mari(HOURLY), 
	matr-a(HOURLY), matr-d1(HOURLY), mct(HOURLY), memex(HOURLY), 
	mfmail(HOURLY), micas(HOURLY), miduet(HOURLY), minerva(HOURLY), 
	minim(HOURLY), minster(HOURLY), mirage(HOURLY), moncam(HOURLY), 
	mrc-apu(HOURLY), mrca(HOURLY), mrcvax(HOURLY), mu-jbs(HOURLY), 
	mucgu(HOURLY), mucs(HOURLY), muee(HOURLY), mup1(HOURLY), 
	mupsy(HOURLY), mur1(HOURLY), mur2(HOURLY), mur3(HOURLY), 
	mur4(HOURLY), mur5(HOURLY), mur6(HOURLY), mur7(HOURLY), 
	nag(HOURLY), ncl(HOURLY), newcombe(HOURLY), newi(HOURLY), 
	norsk(HOURLY), nott-cs(HOURLY), nott-ps(HOURLY), npcs(HOURLY), 
	nplcsu(HOURLY), nplpsg(HOURLY), nplseg(HOURLY), nsosbc(HOURLY), 
	olgb1(HOURLY), ouacs(HOURLY), ox-prg(HOURLY), ox-rob(HOURLY), 
	oxcnvx(HOURLY), oxinst(HOURLY), oxphv1(HOURLY), paisley(HOURLY), 
	pcl-badger(HOURLY), pcl-lynx(HOURLY), pcl-mole(HOURLY), pcl-otter(HOURLY), 
	pcl-stoat(HOURLY), pfizer(HOURLY), phcomp(HOURLY), port(HOURLY), 
	praxis(HOURLY), prlhp1(HOURLY), pyrltd(HOURLY), qb-cc(HOURLY), 
	qmc-cs(HOURLY), qmc-ee(HOURLY), qmc-ms(HOURLY), qtlon(HOURLY), 
	r15a(HOURLY), r8d(HOURLY), reading(HOURLY), rgoa(HOURLY), 
	rgos(HOURLY), riddle(HOURLY), rigg(HOURLY), ritd(HOURLY), 
	rlde(HOURLY), rlgb(HOURLY), rlgm(HOURLY), rlinf(HOURLY), 
	rlpooh(HOURLY), rlpyr-a(HOURLY), rlvc(HOURLY), rlvd(HOURLY), 
	root44(HOURLY), scicon(HOURLY), scol(HOURLY), sdos(HOURLY), 
	selon(HOURLY), service(HOURLY), ses6x(HOURLY), shandon(HOURLY), 
	siesoft(HOURLY), slxsys(HOURLY), smb(HOURLY), sot-cm(HOURLY), 
	sot-maori(HOURLY), sot-ms(HOURLY), spider(HOURLY), ssl(HOURLY), 
	ssl-macc(HOURLY), stc(HOURLY), stircs(HOURLY), stl(HOURLY), 
	stlnw(HOURLY), str-ab(HOURLY), strath-cs(HOURLY), sx(HOURLY), 
	sx-cs(HOURLY), sx-et(HOURLY), sysdes(HOURLY), ta7a(HOURLY), 
	te(HOURLY), telford(HOURLY), tesun2(HOURLY), tivax(HOURLY), 
	torch(HOURLY), tp-pa(HOURLY), trent-doc(HOURLY), trevan(HOURLY), 
	ttaprl(HOURLY), ttl(HOURLY), ubradcs(HOURLY), ucl-cs(HOURLY), 
	uea-sys(HOURLY), uel(HOURLY), uguk(HOURLY), ulai(HOURLY), 
	ulcbl(HOURLY), ulcs(HOURLY), umpa(HOURLY), umpb(HOURLY), 
	unx1(HOURLY), uos-ee(HOURLY), upper(HOURLY), uujmvx(HOURLY), 
	warwick(HOURLY), watt(HOURLY), wcwvax(HOURLY), wessex(HOURLY), 
	westf(HOURLY), westhawk(HOURLY), wpc(HOURLY), xenakis(HOURLY), 
	xopen(HOURLY), zen(HOURLY)
# UK domain name
ukc = "ukc.ac.uk"

#N	ulai
#O	AI Research Computing Facility, University of Leeds
#C	Roger Boyle
#E	postmaster@ai.leeds.ac.uk
#T	+44 532 431751 x6307
#P	Leeds, LS2 9JT
#L	01 33 05 W / 53 48 18 N 
#
# UK domain name
ulai = "ai.leeds.ac.uk"

#N	ulcbl
#O	Computer Based Learning Unit, University of Leeds
#C	Roger Boyle
#E	postmaster@cbl.leeds.ac.uk
#T	+44 532 431751 x7249
#P	Leeds, LS2 9JT
#L	01 33 00 W / 53 48 18 N 
#
# UK domain name
ulcbl = "cbl.leeds.ac.uk"

#N	ulcs
#O	Department of Computer Studies, University of Leeds
#C	Roger Boyle
#E	postmaster@dcs.leeds.ac.uk
#T	+44 532 431751 x6307
#P	Leeds, LS2 9JT
#L	01 33 05 W / 53 48 18 N 
#
# UK domain name
ulcs = "dcs.leeds.ac.uk"

#N	umpa
#O	SERC/ECF at UMIST
#C	Ian Pallfreeman
#E	ian@umist.ac.uk
#T	+44 61 228 2397
#P	Control Systems Centre, UMIST, Sackville St., Manchester.
#L	02 14 00 W / 53 28 00 N
#
# UK domain name
umpa = "prime-a.central-services.umist.ac.uk"

#N	umpb
#O	SERC/ECF at UMIST
#C	Ian Pallfreeman
#E	ian@umist.ac.uk
#T	+44 61 228 2397
#P	Control Systems Centre, UMIST, Sackville St., Manchester.
#L	02 14 00 W / 53 28 00 N
#
# UK domain name
umpb = "prime-b.central-services.umist.ac.uk"

#N	unx1
#O	Computing Services, U of Sussex
#C	Andy Clews
#E	postmaster@unx1.sussex.ac.uk
#T	+44 273 606755 x2129
#P	Falmer, Sussex, BN1 9QN
#L	0 5 W / 50 52 N
#
# UK domain name
unx1 = "unx1.sussex.ac.uk"

#N	uos-ee
#O	Department of Electronic and Electrical Engineering, Surrey University
#C	Graham Carpenter
#E	postmaster@ee.surrey.ac.uk
#T	+44 483 509104
#P	Guildford, Surrey, GU2 5XH
#L	00 35 00 W / 51 14 30 N
#
uos-ee = uoseev
# UK domain name
uos-ee = "ee.surrey.ac.uk"

#N	upper
#O	Imperial Software Technology (Cambridge Office)
#C	Neil Todd/Mark Parmenter (London), Karam Ashoo (Cambridge)
#E	neil@ist.co.uk, mdp@ist.co.uk, ka@upper.ist.co.uk
#T	+44 233 462 400 (Cambridge) +44 1 581 8155 (London)
#P	IST, 3 Glisson Rd, Cambridge, CB1 2HA 
#L	
#
# UK domain name
upper = "upper.ist.co.uk"

#N	uujmvx
#O	Institute of Informatics, University of Ulster
#C	Tom Garland
#E	cbar23@upvax.ulst.ac.uk
#T	+44 232 365131 x2473
#P	Shore Road, Newtonabbey BT37 0QB, County Antrim, Northern Ireland. 
#L	06 06 00 W / 54 60 00 N
#

#N	warwick
#O	Warwick University
#C	Kay Dekker, Jeff Smith
#E	jeff@warwick.uucp, kay@warwick.uucp
#T	+44 203 523485
#P	Computer Science, Warwick University, Coventry CV4 7AL
#L	01 33 00 W / 52 23 00 N
#
# UK domain name
warwick = "uu.warwick.ac.uk"

#N	watt
#O	School of Mathematics, University of Bath
#C	Professor James Davenport
#E	jhd@bond.uucp
#T	+44 225 826181
#P	Claverton Down, Bath, Avon BA2 7AY
#L	02 19 25 W / 51 22 45 N
#

#N	wcwvax
#O	Whitechapel Workstations (Snaprun) Ltd.
#C	Chris Dearman
#E	chris@wcwvax.uucp
#T	+44 1 377 8680
#P	75 Whitechapel Road, London, E1 1DU
#L	
#

#N	wessex
#O	European Ultrix Engineering Group, Digital Equipment Corp.
#C	Laurence Cable, Andy Gadsby 
#E	larry@wessex.uucp, gadsby@wessex.uucp
#T	+44 734 856149, +44 734 868711
#P	Imperal Way, Reading, Berkshire, RG2 0TE
#L	00 58 30 / 51 25 00 N
#

#N	westf
#O	Computer Unit, Westfield College London
#C	Colin Bridgeman
#E	colin@kcl-cs.uucp
#T	+44 1 435 7141 x636
#P	Kidderpore Avenue, Hampstead, London, NW3 7ST
#L	
#

#N	westhawk
#O	Westhawk Ltd
#C	Tim H.Panton
#E	ged@westhawk.uucp
#T	+44 9282 2574
#P	26 Rydal Gove, Helsby, Cheshire, WA6 0ET
#L	02 46 00 W / 53 16 00 N
#

#N	wpc
#O	Warren Point International Limited
#C	Graham C. Evans
#E	graham@wpc.uucp
#T	+44 438 316311
#P	Babbage Road, Stevenage, Herts, SG1 2EQ
#L	00 14 00 E / 51 55 00 N
#

#N	xenakis
#O	School of Mathematics, University of Bath
#C	Professor John Fitch
#E	jpff@bond.uucp
#T	+44 225 826820
#P	Claverton Down, Bath, Avon BA2 7AY
#L	02 19 25 W / 51 22 45 N
#

#N	xopen
#O	The X/OPEN Company Ltd
#C	Joe Richards, Jim R Oldroyd
#E	joseph@inset.co.uk
#T	+44 1 251 2128
#P	City House, 190 City Road, London EC1V 2QH
#L	
#

#N	zen
#O	Zengrange Limited
#C	Julian Perry, Frank Wales
#E	jules@zen.co.uk
#T	+44 532 489048 x 217
#P	Greenfield Road, Leeds LS9 8DB
#L	01 31 22 W / 53 47 42 N
#
# UK domain name
zen = "zen.co.uk"
SHAR_EOF
:	End of shell archive
exit 0
